transaction_id,user_id,datetime,amount,merchant,category,channel,payment_type,location
TXN000003,U001,2025-01-01 12:20:00,372.27,LAZADA,Shopping,E-WALLET,DEBIT,Kuala Lumpur
TXN000001,U001,2025-01-01 14:11:00,357.83,UNIQLO,Shopping,E-WALLET,DEBIT,Petaling Jaya
TXN000002,U001,2025-01-01 15:41:00,83.12,SETEL,Fuel,DEBIT CARD,DEBIT,Petaling Jaya
TXN000004,U001,2025-01-01 18:03:00,423.52,SHOPEE,Shopping,DEBIT CARD,DEBIT,Petaling Jaya
TXN000008,U001,2025-01-02 12:49:00,185.36,LOTUS,Grocery,E-WALLET,DEBIT,Shah Alam
TXN000007,U001,2025-01-02 14:28:00,394.9,UNIQLO,Shopping,E-WALLET,DEBIT,Shah Alam
TXN000006,U001,2025-01-02 17:56:00,75.41,PETRONAS,Fuel,E-WALLET,DEBIT,Shah Alam
TXN000005,U001,2025-01-02 19:12:00,104.1,PETRONAS,Fuel,E-WALLET,DEBIT,Petaling Jaya
TXN000009,U001,2025-01-03 21:20:00,7.22,GRAB,Transport,DEBIT CARD,DEBIT,Petaling Jaya
TXN000010,U001,2025-01-03 23:51:00,118.57,SETEL,Fuel,DEBIT CARD,DEBIT,Shah Alam
TXN000012,U001,2025-01-04 12:39:00,530.68,IKEA,Shopping,E-WALLET,DEBIT,Petaling Jaya
TXN000013,U001,2025-01-04 13:08:00,38.43,GRAB,Transport,E-WALLET,DEBIT,Petaling Jaya
TXN000011,U001,2025-01-04 14:46:00,73.23,SHELL,Fuel,E-WALLET,DEBIT,Petaling Jaya
TXN000016,U001,2025-01-05 09:12:00,389.62,UNIQLO,Shopping,E-WALLET,DEBIT,Petaling Jaya
TXN000014,U001,2025-01-05 11:11:00,83.13,SHELL,Fuel,E-WALLET,DEBIT,Petaling Jaya
TXN000015,U001,2025-01-05 21:44:00,27.86,GRAB,Transport,DEBIT CARD,DEBIT,Petaling Jaya
TXN000018,U001,2025-01-06 18:51:00,65.48,LOTUS,Grocery,E-WALLET,DEBIT,Kuala Lumpur
TXN000017,U001,2025-01-06 20:01:00,80.65,KFC,Food,DEBIT CARD,DEBIT,Petaling Jaya
TXN000020,U001,2025-01-07 10:46:00,167.04,UNIQLO,Shopping,DEBIT CARD,DEBIT,Kuala Lumpur
TXN000019,U001,2025-01-07 15:17:00,170.86,LAZADA,Shopping,DEBIT CARD,DEBIT,Kuala Lumpur
TXN000021,U001,2025-01-07 17:37:00,47.04,TEXAS CHICKEN,Food,DEBIT CARD,DEBIT,Shah Alam
TXN000022,U001,2025-01-08 21:50:00,185.04,GIANT,Grocery,DEBIT CARD,DEBIT,Kuala Lumpur
TXN000025,U001,2025-01-09 12:12:00,172.94,AEON,Grocery,E-WALLET,DEBIT,Petaling Jaya
TXN000024,U001,2025-01-09 16:14:00,20.56,MCDONALDS,Food,DEBIT CARD,DEBIT,Kuala Lumpur
TXN000023,U001,2025-01-09 17:50:00,111.2,UNIQLO,Shopping,DEBIT CARD,DEBIT,Kuala Lumpur
TXN000026,U001,2025-01-10 11:42:00,80.44,VILLAGE GROCER,Grocery,E-WALLET,DEBIT,Kuala Lumpur
TXN000027,U001,2025-01-10 13:39:00,218.46,VILLAGE GROCER,Grocery,DEBIT CARD,DEBIT,Shah Alam
TXN000028,U001,2025-01-11 14:14:00,132.09,LOTUS,Grocery,DEBIT CARD,DEBIT,Petaling Jaya
TXN000029,U001,2025-01-11 14:52:00,62.64,TEXAS CHICKEN,Food,DEBIT CARD,DEBIT,Kuala Lumpur
TXN000030,U001,2025-01-12 11:10:00,68.45,GRAB*FOOD,Food,DEBIT CARD,DEBIT,Shah Alam
TXN000032,U001,2025-01-13 10:21:00,44.84,MCDONALDS,Food,E-WALLET,DEBIT,Kuala Lumpur
TXN000031,U001,2025-01-13 14:32:00,108.78,SHELL,Fuel,DEBIT CARD,DEBIT,Petaling Jaya
TXN000033,U001,2025-01-13 16:42:00,56.14,LOCAL CAFE,Food,E-WALLET,DEBIT,Kuala Lumpur
TXN000034,U001,2025-01-14 16:12:00,127.19,AEON,Grocery,DEBIT CARD,DEBIT,Petaling Jaya
TXN000038,U001,2025-01-15 09:20:00,108.8,LOTUS,Grocery,E-WALLET,DEBIT,Shah Alam
TXN000035,U001,2025-01-15 12:30:00,63.22,SHOPEE,Shopping,E-WALLET,DEBIT,Shah Alam
TXN000037,U001,2025-01-15 13:09:00,72.58,GIANT,Grocery,DEBIT CARD,DEBIT,Kuala Lumpur
TXN000036,U001,2025-01-15 15:12:00,343.54,LAZADA,Shopping,DEBIT CARD,DEBIT,Kuala Lumpur
TXN000039,U001,2025-01-16 12:19:00,89.54,PETRONAS,Fuel,DEBIT CARD,DEBIT,Kuala Lumpur
TXN000042,U001,2025-01-17 08:28:00,21.51,MCDONALDS,Food,DEBIT CARD,DEBIT,Kuala Lumpur
TXN000041,U001,2025-01-17 16:18:00,70.83,MCDONALDS,Food,DEBIT CARD,DEBIT,Kuala Lumpur
TXN000040,U001,2025-01-17 19:07:00,14.47,MCDONALDS,Food,E-WALLET,DEBIT,Shah Alam
TXN000045,U001,2025-01-18 10:12:00,98.04,SHELL,Fuel,E-WALLET,DEBIT,Shah Alam
TXN000044,U001,2025-01-18 13:04:00,79.72,GRAB*FOOD,Food,E-WALLET,DEBIT,Petaling Jaya
TXN000043,U001,2025-01-18 18:19:00,119.8,LOTUS,Grocery,DEBIT CARD,DEBIT,Petaling Jaya
TXN000046,U001,2025-01-18 22:47:00,14.6,GRAB*FOOD,Food,E-WALLET,DEBIT,Petaling Jaya
TXN000049,U001,2025-01-19 10:35:00,107.46,SHOPEE,Shopping,E-WALLET,DEBIT,Kuala Lumpur
TXN000047,U001,2025-01-19 11:51:00,133.96,LOTUS,Grocery,E-WALLET,DEBIT,Shah Alam
TXN000050,U001,2025-01-19 19:42:00,115.82,LOCAL CAFE,Food,DEBIT CARD,DEBIT,Kuala Lumpur
TXN000048,U001,2025-01-19 21:36:00,217.5,GIANT,Grocery,E-WALLET,DEBIT,Petaling Jaya
TXN000052,U001,2025-01-20 12:26:00,41.89,VILLAGE GROCER,Grocery,E-WALLET,DEBIT,Petaling Jaya
TXN000053,U001,2025-01-20 16:18:00,163.45,AEON,Grocery,E-WALLET,DEBIT,Kuala Lumpur
TXN000051,U001,2025-01-20 20:41:00,23.12,TNG TRANSIT,Transport,E-WALLET,DEBIT,Shah Alam
TXN000055,U001,2025-01-21 09:34:00,74.63,VILLAGE GROCER,Grocery,E-WALLET,DEBIT,Kuala Lumpur
TXN000054,U001,2025-01-21 12:43:00,65.32,GRAB*FOOD,Food,DEBIT CARD,DEBIT,Shah Alam
TXN000058,U001,2025-01-22 14:27:00,36.43,LOCAL CAFE,Food,E-WALLET,DEBIT,Petaling Jaya
TXN000057,U001,2025-01-22 20:37:00,6.11,RAPIDKL,Transport,E-WALLET,DEBIT,Petaling Jaya
TXN000056,U001,2025-01-22 20:56:00,117.67,GRAB*FOOD,Food,E-WALLET,DEBIT,Petaling Jaya
TXN000059,U001,2025-01-23 14:46:00,15.4,RAPIDKL,Transport,E-WALLET,DEBIT,Shah Alam
TXN000061,U001,2025-01-24 08:07:00,189.48,LOTUS,Grocery,E-WALLET,DEBIT,Petaling Jaya
TXN000060,U001,2025-01-24 16:28:00,65.87,LAZADA,Shopping,E-WALLET,DEBIT,Shah Alam
TXN000062,U001,2025-01-24 19:35:00,110.65,TEXAS CHICKEN,Food,DEBIT CARD,DEBIT,Kuala Lumpur
TXN000065,U001,2025-01-25 09:18:00,37.88,KFC,Food,E-WALLET,DEBIT,Shah Alam
TXN000064,U001,2025-01-25 10:57:00,75.41,PETRONAS,Fuel,E-WALLET,DEBIT,Shah Alam
TXN000063,U001,2025-01-25 11:09:00,99.36,PETRONAS,Fuel,E-WALLET,DEBIT,Petaling Jaya
TXN000067,U001,2025-01-26 15:01:00,238.36,AEON,Grocery,DEBIT CARD,DEBIT,Shah Alam
TXN000066,U001,2025-01-26 20:22:00,125.92,GIANT,Grocery,E-WALLET,DEBIT,Petaling Jaya
TXN000068,U001,2025-01-27 09:09:00,24.13,TNG TRANSIT,Transport,E-WALLET,DEBIT,Shah Alam
TXN000069,U001,2025-01-28 08:54:00,238.93,SHOPEE,Shopping,DEBIT CARD,DEBIT,Petaling Jaya
TXN000071,U001,2025-01-28 09:52:00,45.37,SHELL,Fuel,DEBIT CARD,DEBIT,Shah Alam
TXN000072,U001,2025-01-28 21:28:00,80.41,SHELL,Fuel,DEBIT CARD,DEBIT,Kuala Lumpur
TXN000070,U001,2025-01-28 23:37:00,68.68,PETRONAS,Fuel,DEBIT CARD,DEBIT,Petaling Jaya
TXN000075,U001,2025-01-29 08:28:00,75.66,LOCAL CAFE,Food,E-WALLET,DEBIT,Shah Alam
TXN000074,U001,2025-01-29 14:48:00,9.15,GRAB,Transport,E-WALLET,DEBIT,Kuala Lumpur
TXN000076,U001,2025-01-29 14:59:00,102.14,SETEL,Fuel,E-WALLET,DEBIT,Shah Alam
TXN000073,U001,2025-01-29 19:19:00,103.58,GRAB*FOOD,Food,DEBIT CARD,DEBIT,Kuala Lumpur
TXN000078,U001,2025-01-30 17:56:00,453.17,UNIQLO,Shopping,E-WALLET,DEBIT,Petaling Jaya
TXN000077,U001,2025-01-30 18:51:00,24.05,GRAB,Transport,DEBIT CARD,DEBIT,Petaling Jaya
TXN000079,U001,2025-01-31 09:48:00,74.35,KFC,Food,DEBIT CARD,DEBIT,Kuala Lumpur
TXN000080,U001,2025-02-01 14:28:00,142.64,GIANT,Grocery,DEBIT CARD,DEBIT,Kuala Lumpur
TXN000081,U001,2025-02-01 17:53:00,13.72,GRAB,Transport,E-WALLET,DEBIT,Petaling Jaya
TXN000084,U001,2025-02-02 12:12:00,497.89,IKEA,Shopping,E-WALLET,DEBIT,Petaling Jaya
TXN000083,U001,2025-02-02 14:38:00,15.81,TEXAS CHICKEN,Food,E-WALLET,DEBIT,Petaling Jaya
TXN000082,U001,2025-02-02 16:59:00,85.11,MCDONALDS,Food,E-WALLET,DEBIT,Kuala Lumpur
TXN000086,U001,2025-02-03 13:11:00,218.11,GIANT,Grocery,DEBIT CARD,DEBIT,Kuala Lumpur
TXN000085,U001,2025-02-03 17:54:00,58.93,UNIQLO,Shopping,E-WALLET,DEBIT,Petaling Jaya
TXN000090,U001,2025-02-04 08:51:00,98.5,PETRONAS,Fuel,DEBIT CARD,DEBIT,Shah Alam
TXN000089,U001,2025-02-04 09:56:00,83.39,LOCAL CAFE,Food,E-WALLET,DEBIT,Petaling Jaya
TXN000088,U001,2025-02-04 20:39:00,116.59,MCDONALDS,Food,DEBIT CARD,DEBIT,Shah Alam
TXN000087,U001,2025-02-04 21:43:00,82.05,LOCAL CAFE,Food,DEBIT CARD,DEBIT,Shah Alam
TXN000091,U001,2025-02-05 14:19:00,115.42,SETEL,Fuel,E-WALLET,DEBIT,Kuala Lumpur
TXN000092,U001,2025-02-05 21:43:00,316.86,IKEA,Shopping,DEBIT CARD,DEBIT,Shah Alam
TXN000093,U001,2025-02-06 17:34:00,210.39,AEON,Grocery,DEBIT CARD,DEBIT,Shah Alam
TXN000094,U001,2025-02-06 19:46:00,453.27,LAZADA,Shopping,DEBIT CARD,DEBIT,Shah Alam
TXN000097,U001,2025-02-07 09:43:00,71.53,PETRONAS,Fuel,E-WALLET,DEBIT,Kuala Lumpur
TXN000095,U001,2025-02-07 11:45:00,490.63,IKEA,Shopping,DEBIT CARD,DEBIT,Petaling Jaya
TXN000096,U001,2025-02-07 13:17:00,173.39,UNIQLO,Shopping,DEBIT CARD,DEBIT,Shah Alam
TXN000098,U001,2025-02-08 14:32:00,127.43,LOCAL CAFE,Food,E-WALLET,DEBIT,Kuala Lumpur
TXN000099,U001,2025-02-09 17:30:00,59.64,MCDONALDS,Food,DEBIT CARD,DEBIT,Kuala Lumpur
TXN000101,U001,2025-02-10 10:37:00,81.93,VILLAGE GROCER,Grocery,E-WALLET,DEBIT,Shah Alam
TXN000102,U001,2025-02-10 15:52:00,104.72,PETRONAS,Fuel,E-WALLET,DEBIT,Petaling Jaya
TXN000100,U001,2025-02-10 17:44:00,87.57,VILLAGE GROCER,Grocery,E-WALLET,DEBIT,Kuala Lumpur
TXN000103,U001,2025-02-11 09:45:00,82.4,AEON,Grocery,E-WALLET,DEBIT,Petaling Jaya
TXN000104,U001,2025-02-12 19:14:00,110.11,LOCAL CAFE,Food,DEBIT CARD,DEBIT,Petaling Jaya
TXN000106,U001,2025-02-13 13:16:00,419.97,LAZADA,Shopping,E-WALLET,DEBIT,Shah Alam
TXN000105,U001,2025-02-13 21:33:00,20.52,GRAB,Transport,E-WALLET,DEBIT,Petaling Jaya
TXN000107,U001,2025-02-14 14:05:00,498.89,UNIQLO,Shopping,E-WALLET,DEBIT,Petaling Jaya
TXN000109,U001,2025-02-14 15:41:00,205.61,UNIQLO,Shopping,DEBIT CARD,DEBIT,Kuala Lumpur
TXN000108,U001,2025-02-14 16:56:00,135.78,AEON,Grocery,E-WALLET,DEBIT,Petaling Jaya
TXN000111,U001,2025-02-15 09:59:00,57.51,PETRONAS,Fuel,E-WALLET,DEBIT,Kuala Lumpur
TXN000112,U001,2025-02-15 11:37:00,35.75,GRAB,Transport,DEBIT CARD,DEBIT,Shah Alam
TXN000113,U001,2025-02-15 17:14:00,87.91,LOTUS,Grocery,E-WALLET,DEBIT,Kuala Lumpur
TXN000110,U001,2025-02-15 19:09:00,63.01,SHELL,Fuel,E-WALLET,DEBIT,Kuala Lumpur
TXN000114,U001,2025-02-16 13:19:00,7.13,TNG TRANSIT,Transport,DEBIT CARD,DEBIT,Shah Alam
TXN000115,U001,2025-02-16 19:33:00,419.99,SHOPEE,Shopping,E-WALLET,DEBIT,Shah Alam
TXN000116,U001,2025-02-17 14:07:00,28.4,LOCAL CAFE,Food,DEBIT CARD,DEBIT,Kuala Lumpur
TXN000117,U001,2025-02-17 16:35:00,61.53,SHELL,Fuel,DEBIT CARD,DEBIT,Shah Alam
TXN000118,U001,2025-02-18 21:12:00,21.63,RAPIDKL,Transport,DEBIT CARD,DEBIT,Kuala Lumpur
TXN000120,U001,2025-02-19 13:33:00,199.69,IKEA,Shopping,DEBIT CARD,DEBIT,Kuala Lumpur
TXN000119,U001,2025-02-19 14:41:00,24.43,MCDONALDS,Food,DEBIT CARD,DEBIT,Petaling Jaya
TXN000123,U001,2025-02-20 09:35:00,30.96,LOTUS,Grocery,E-WALLET,DEBIT,Shah Alam
TXN000121,U001,2025-02-20 10:22:00,64.55,LOCAL CAFE,Food,E-WALLET,DEBIT,Petaling Jaya
TXN000122,U001,2025-02-20 10:48:00,13.08,TNG TRANSIT,Transport,DEBIT CARD,DEBIT,Kuala Lumpur
TXN000124,U001,2025-02-21 14:57:00,49.9,LOCAL CAFE,Food,E-WALLET,DEBIT,Shah Alam
TXN000125,U001,2025-02-21 18:42:00,37.48,GRAB,Transport,DEBIT CARD,DEBIT,Kuala Lumpur
TXN000126,U001,2025-02-22 13:56:00,92.86,VILLAGE GROCER,Grocery,DEBIT CARD,DEBIT,Petaling Jaya
TXN000127,U001,2025-02-23 21:36:00,492.53,LAZADA,Shopping,DEBIT CARD,DEBIT,Petaling Jaya
TXN000128,U001,2025-02-24 10:18:00,109.33,GIANT,Grocery,E-WALLET,DEBIT,Shah Alam
TXN000130,U001,2025-02-24 12:36:00,244.16,LOTUS,Grocery,E-WALLET,DEBIT,Petaling Jaya
TXN000131,U001,2025-02-24 13:24:00,256.02,SHOPEE,Shopping,DEBIT CARD,DEBIT,Shah Alam
TXN000129,U001,2025-02-24 16:45:00,12.83,GRAB,Transport,DEBIT CARD,DEBIT,Petaling Jaya
TXN000133,U001,2025-02-25 09:06:00,113.67,MCDONALDS,Food,E-WALLET,DEBIT,Shah Alam
TXN000134,U001,2025-02-25 20:59:00,85.24,LOTUS,Grocery,E-WALLET,DEBIT,Shah Alam
TXN000132,U001,2025-02-25 21:34:00,68.12,UNIQLO,Shopping,E-WALLET,DEBIT,Kuala Lumpur
TXN000135,U001,2025-02-26 13:07:00,67.48,VILLAGE GROCER,Grocery,E-WALLET,DEBIT,Petaling Jaya
TXN000136,U001,2025-02-27 15:25:00,97.43,SETEL,Fuel,E-WALLET,DEBIT,Petaling Jaya
TXN000138,U001,2025-02-27 20:07:00,162.46,UNIQLO,Shopping,E-WALLET,DEBIT,Shah Alam
TXN000139,U001,2025-02-27 21:32:00,101.46,KFC,Food,E-WALLET,DEBIT,Shah Alam
TXN000137,U001,2025-02-27 22:12:00,19.07,GRAB*FOOD,Food,DEBIT CARD,DEBIT,Petaling Jaya
TXN000140,U001,2025-02-28 13:28:00,207.9,VILLAGE GROCER,Grocery,E-WALLET,DEBIT,Petaling Jaya
TXN000142,U001,2025-03-01 16:00:00,97.22,KFC,Food,E-WALLET,DEBIT,Shah Alam
TXN000141,U001,2025-03-01 18:13:00,38.62,GRAB,Transport,DEBIT CARD,DEBIT,Kuala Lumpur
TXN000144,U001,2025-03-02 09:09:00,133.62,KFC,Food,DEBIT CARD,DEBIT,Shah Alam
TXN000145,U001,2025-03-02 10:39:00,146.98,MCDONALDS,Food,E-WALLET,DEBIT,Petaling Jaya
TXN000143,U001,2025-03-02 23:28:00,217.4,LOTUS,Grocery,DEBIT CARD,DEBIT,Shah Alam
TXN000147,U001,2025-03-03 15:48:00,472.95,IKEA,Shopping,E-WALLET,DEBIT,Petaling Jaya
TXN000146,U001,2025-03-03 17:58:00,76.98,GIANT,Grocery,DEBIT CARD,DEBIT,Kuala Lumpur
TXN000149,U001,2025-03-04 14:10:00,66.19,SETEL,Fuel,DEBIT CARD,DEBIT,Kuala Lumpur
TXN000150,U001,2025-03-04 14:31:00,100.63,TEXAS CHICKEN,Food,E-WALLET,DEBIT,Shah Alam
TXN000148,U001,2025-03-04 20:10:00,63.85,GIANT,Grocery,DEBIT CARD,DEBIT,Kuala Lumpur
TXN000153,U001,2025-03-05 18:09:00,67.96,LAZADA,Shopping,DEBIT CARD,DEBIT,Kuala Lumpur
TXN000152,U001,2025-03-05 21:18:00,255.75,IKEA,Shopping,E-WALLET,DEBIT,Petaling Jaya
TXN000151,U001,2025-03-05 21:49:00,109.14,AEON,Grocery,E-WALLET,DEBIT,Petaling Jaya
TXN000154,U001,2025-03-06 09:06:00,244.08,SHOPEE,Shopping,E-WALLET,DEBIT,Petaling Jaya
TXN000157,U001,2025-03-06 12:08:00,38.39,GRAB*FOOD,Food,DEBIT CARD,DEBIT,Petaling Jaya
TXN000156,U001,2025-03-06 12:55:00,78.4,TEXAS CHICKEN,Food,DEBIT CARD,DEBIT,Petaling Jaya
TXN000155,U001,2025-03-06 13:58:00,77.83,LOCAL CAFE,Food,E-WALLET,DEBIT,Shah Alam
TXN000160,U001,2025-03-07 12:39:00,32.81,TNG TRANSIT,Transport,DEBIT CARD,DEBIT,Kuala Lumpur
TXN000159,U001,2025-03-07 14:06:00,389.92,UNIQLO,Shopping,E-WALLET,DEBIT,Shah Alam
TXN000158,U001,2025-03-07 16:40:00,114.23,SHELL,Fuel,DEBIT CARD,DEBIT,Kuala Lumpur
TXN000161,U001,2025-03-08 13:02:00,32.79,GRAB,Transport,DEBIT CARD,DEBIT,Shah Alam
TXN000164,U001,2025-03-09 13:34:00,30.38,TNG TRANSIT,Transport,DEBIT CARD,DEBIT,Shah Alam
TXN000163,U001,2025-03-09 16:54:00,134.82,AEON,Grocery,DEBIT CARD,DEBIT,Shah Alam
TXN000162,U001,2025-03-09 17:16:00,20.14,TNG TRANSIT,Transport,DEBIT CARD,DEBIT,Petaling Jaya
TXN000165,U001,2025-03-09 19:08:00,28.63,RAPIDKL,Transport,E-WALLET,DEBIT,Shah Alam
TXN000166,U001,2025-03-10 08:11:00,60.86,SHELL,Fuel,DEBIT CARD,DEBIT,Kuala Lumpur
TXN000167,U001,2025-03-10 18:00:00,225.87,LOTUS,Grocery,DEBIT CARD,DEBIT,Shah Alam
TXN000168,U001,2025-03-11 10:50:00,155.46,LAZADA,Shopping,DEBIT CARD,DEBIT,Kuala Lumpur
TXN000170,U001,2025-03-11 16:00:00,150.54,VILLAGE GROCER,Grocery,E-WALLET,DEBIT,Petaling Jaya
TXN000169,U001,2025-03-11 20:11:00,44.54,PETRONAS,Fuel,DEBIT CARD,DEBIT,Shah Alam
TXN000171,U001,2025-03-12 12:22:00,86.37,LOCAL CAFE,Food,DEBIT CARD,DEBIT,Shah Alam
TXN000173,U001,2025-03-12 14:32:00,402.33,LAZADA,Shopping,E-WALLET,DEBIT,Kuala Lumpur
TXN000172,U001,2025-03-12 19:20:00,113.85,PETRONAS,Fuel,E-WALLET,DEBIT,Kuala Lumpur
TXN000174,U001,2025-03-13 11:18:00,234.31,GIANT,Grocery,E-WALLET,DEBIT,Kuala Lumpur
TXN000176,U001,2025-03-14 09:58:00,48.2,SETEL,Fuel,DEBIT CARD,DEBIT,Shah Alam
TXN000177,U001,2025-03-14 11:15:00,111.77,KFC,Food,DEBIT CARD,DEBIT,Kuala Lumpur
TXN000175,U001,2025-03-14 12:57:00,138.71,LOTUS,Grocery,E-WALLET,DEBIT,Kuala Lumpur
TXN000180,U001,2025-03-15 10:08:00,154.55,LOCAL CAFE,Food,DEBIT CARD,DEBIT,Shah Alam
TXN000179,U001,2025-03-15 10:15:00,67.65,AEON,Grocery,DEBIT CARD,DEBIT,Shah Alam
TXN000178,U001,2025-03-15 14:34:00,231.76,LOTUS,Grocery,DEBIT CARD,DEBIT,Kuala Lumpur
TXN000182,U001,2025-03-16 09:03:00,14.75,RAPIDKL,Transport,DEBIT CARD,DEBIT,Kuala Lumpur
TXN000181,U001,2025-03-16 16:32:00,246.38,VILLAGE GROCER,Grocery,DEBIT CARD,DEBIT,Kuala Lumpur
TXN000183,U001,2025-03-16 17:18:00,91.27,PETRONAS,Fuel,DEBIT CARD,DEBIT,Kuala Lumpur
TXN000184,U001,2025-03-17 10:21:00,46.35,GRAB,Transport,E-WALLET,DEBIT,Kuala Lumpur
TXN000187,U001,2025-03-17 11:51:00,361.13,IKEA,Shopping,E-WALLET,DEBIT,Petaling Jaya
TXN000185,U001,2025-03-17 17:43:00,170.94,GIANT,Grocery,E-WALLET,DEBIT,Kuala Lumpur
TXN000186,U001,2025-03-17 18:05:00,49.46,RAPIDKL,Transport,DEBIT CARD,DEBIT,Kuala Lumpur
TXN000188,U001,2025-03-18 16:37:00,9.81,TNG TRANSIT,Transport,DEBIT CARD,DEBIT,Kuala Lumpur
TXN000190,U001,2025-03-19 10:05:00,127.71,LAZADA,Shopping,DEBIT CARD,DEBIT,Petaling Jaya
TXN000189,U001,2025-03-19 12:58:00,32.64,TEXAS CHICKEN,Food,E-WALLET,DEBIT,Kuala Lumpur
TXN000191,U001,2025-03-19 13:08:00,41.2,RAPIDKL,Transport,DEBIT CARD,DEBIT,Petaling Jaya
TXN000193,U001,2025-03-20 12:49:00,264.77,LAZADA,Shopping,DEBIT CARD,DEBIT,Kuala Lumpur
TXN000192,U001,2025-03-20 19:03:00,53.74,PETRONAS,Fuel,DEBIT CARD,DEBIT,Shah Alam
TXN000196,U001,2025-03-21 14:36:00,77.27,TEXAS CHICKEN,Food,E-WALLET,DEBIT,Kuala Lumpur
TXN000197,U001,2025-03-21 15:31:00,449.29,UNIQLO,Shopping,E-WALLET,DEBIT,Kuala Lumpur
TXN000195,U001,2025-03-21 16:27:00,83.38,KFC,Food,DEBIT CARD,DEBIT,Shah Alam
TXN000194,U001,2025-03-21 21:22:00,169.29,AEON,Grocery,DEBIT CARD,DEBIT,Kuala Lumpur
TXN000201,U001,2025-03-22 09:34:00,311.83,UNIQLO,Shopping,DEBIT CARD,DEBIT,Kuala Lumpur
TXN000199,U001,2025-03-22 18:09:00,7.84,GRAB,Transport,DEBIT CARD,DEBIT,Shah Alam
TXN000200,U001,2025-03-22 20:46:00,43.82,GIANT,Grocery,DEBIT CARD,DEBIT,Kuala Lumpur
TXN000198,U001,2025-03-22 21:39:00,105.07,SHELL,Fuel,E-WALLET,DEBIT,Petaling Jaya
TXN000204,U001,2025-03-23 10:47:00,50.09,KFC,Food,DEBIT CARD,DEBIT,Kuala Lumpur
TXN000205,U001,2025-03-23 10:55:00,41.11,SETEL,Fuel,DEBIT CARD,DEBIT,Petaling Jaya
TXN000203,U001,2025-03-23 16:23:00,168.74,AEON,Grocery,DEBIT CARD,DEBIT,Shah Alam
TXN000202,U001,2025-03-23 23:57:00,68.11,PETRONAS,Fuel,DEBIT CARD,DEBIT,Kuala Lumpur
TXN000207,U001,2025-03-24 10:51:00,13.26,KFC,Food,E-WALLET,DEBIT,Shah Alam
TXN000206,U001,2025-03-24 17:35:00,116.93,PETRONAS,Fuel,E-WALLET,DEBIT,Petaling Jaya
TXN000208,U001,2025-03-25 09:26:00,134.15,SHOPEE,Shopping,DEBIT CARD,DEBIT,Shah Alam
TXN000209,U001,2025-03-25 10:15:00,158.92,GIANT,Grocery,E-WALLET,DEBIT,Shah Alam
TXN000211,U001,2025-03-26 08:38:00,19.77,LOCAL CAFE,Food,DEBIT CARD,DEBIT,Kuala Lumpur
TXN000213,U001,2025-03-26 10:32:00,100.75,SETEL,Fuel,E-WALLET,DEBIT,Shah Alam
TXN000212,U001,2025-03-26 17:28:00,193.29,AEON,Grocery,DEBIT CARD,DEBIT,Shah Alam
TXN000210,U001,2025-03-26 21:30:00,66.53,AEON,Grocery,DEBIT CARD,DEBIT,Kuala Lumpur
TXN000217,U001,2025-03-27 11:39:00,102.55,SETEL,Fuel,E-WALLET,DEBIT,Kuala Lumpur
TXN000216,U001,2025-03-27 15:35:00,465.9,LAZADA,Shopping,E-WALLET,DEBIT,Kuala Lumpur
TXN000214,U001,2025-03-27 16:03:00,47.06,KFC,Food,E-WALLET,DEBIT,Petaling Jaya
TXN000215,U001,2025-03-27 20:53:00,19.94,MCDONALDS,Food,DEBIT CARD,DEBIT,Petaling Jaya
TXN000218,U001,2025-03-28 08:19:00,301.8,UNIQLO,Shopping,DEBIT CARD,DEBIT,Petaling Jaya
TXN000219,U001,2025-03-28 08:45:00,106.42,SHELL,Fuel,DEBIT CARD,DEBIT,Kuala Lumpur
TXN000220,U001,2025-03-29 20:59:00,383.49,LAZADA,Shopping,DEBIT CARD,DEBIT,Kuala Lumpur
TXN000221,U001,2025-03-30 10:09:00,196.63,GIANT,Grocery,DEBIT CARD,DEBIT,Kuala Lumpur
TXN000222,U001,2025-03-30 10:18:00,5.14,RAPIDKL,Transport,E-WALLET,DEBIT,Petaling Jaya
TXN000223,U001,2025-03-31 14:11:00,165.55,SHOPEE,Shopping,E-WALLET,DEBIT,Kuala Lumpur
TXN000224,U001,2025-04-01 10:22:00,66.8,MCDONALDS,Food,E-WALLET,DEBIT,Petaling Jaya
TXN000225,U001,2025-04-02 16:44:00,44.0,KFC,Food,DEBIT CARD,DEBIT,Kuala Lumpur
TXN000228,U001,2025-04-03 12:09:00,30.77,GRAB,Transport,DEBIT CARD,DEBIT,Petaling Jaya
TXN000227,U001,2025-04-03 19:06:00,35.63,KFC,Food,E-WALLET,DEBIT,Shah Alam
TXN000226,U001,2025-04-03 20:19:00,84.43,SHELL,Fuel,E-WALLET,DEBIT,Kuala Lumpur
TXN000229,U001,2025-04-03 21:54:00,21.65,RAPIDKL,Transport,E-WALLET,DEBIT,Kuala Lumpur
TXN000232,U001,2025-04-04 11:14:00,185.62,SHOPEE,Shopping,DEBIT CARD,DEBIT,Kuala Lumpur
TXN000230,U001,2025-04-04 11:18:00,72.91,PETRONAS,Fuel,E-WALLET,DEBIT,Shah Alam
TXN000231,U001,2025-04-04 13:40:00,53.83,GIANT,Grocery,E-WALLET,DEBIT,Kuala Lumpur
TXN000236,U001,2025-04-05 10:26:00,123.84,TEXAS CHICKEN,Food,DEBIT CARD,DEBIT,Shah Alam
TXN000233,U001,2025-04-05 11:02:00,27.4,MCDONALDS,Food,E-WALLET,DEBIT,Petaling Jaya
TXN000234,U001,2025-04-05 16:57:00,148.5,AEON,Grocery,E-WALLET,DEBIT,Shah Alam
TXN000235,U001,2025-04-05 20:57:00,120.71,TEXAS CHICKEN,Food,E-WALLET,DEBIT,Petaling Jaya
TXN000237,U001,2025-04-06 11:25:00,62.42,GIANT,Grocery,E-WALLET,DEBIT,Petaling Jaya
TXN000238,U001,2025-04-06 12:45:00,511.32,LAZADA,Shopping,E-WALLET,DEBIT,Kuala Lumpur
TXN000239,U001,2025-04-06 15:25:00,141.64,GRAB*FOOD,Food,DEBIT CARD,DEBIT,Petaling Jaya
TXN000241,U001,2025-04-07 08:58:00,124.03,IKEA,Shopping,E-WALLET,DEBIT,Petaling Jaya
TXN000240,U001,2025-04-07 14:37:00,100.52,SHELL,Fuel,DEBIT CARD,DEBIT,Petaling Jaya
TXN000242,U001,2025-04-07 19:32:00,223.59,SHOPEE,Shopping,E-WALLET,DEBIT,Petaling Jaya
TXN000243,U001,2025-04-07 20:42:00,64.95,SETEL,Fuel,DEBIT CARD,DEBIT,Petaling Jaya
TXN000246,U001,2025-04-08 11:41:00,34.67,KFC,Food,E-WALLET,DEBIT,Petaling Jaya
TXN000244,U001,2025-04-08 12:16:00,9.74,GRAB,Transport,DEBIT CARD,DEBIT,Shah Alam
TXN000247,U001,2025-04-08 15:13:00,134.35,GIANT,Grocery,E-WALLET,DEBIT,Shah Alam
TXN000245,U001,2025-04-08 20:08:00,91.07,KFC,Food,DEBIT CARD,DEBIT,Kuala Lumpur
TXN000248,U001,2025-04-09 09:11:00,141.69,VILLAGE GROCER,Grocery,E-WALLET,DEBIT,Petaling Jaya
TXN000250,U001,2025-04-09 11:48:00,113.85,SHELL,Fuel,E-WALLET,DEBIT,Kuala Lumpur
TXN000251,U001,2025-04-09 12:31:00,232.5,LOTUS,Grocery,E-WALLET,DEBIT,Petaling Jaya
TXN000249,U001,2025-04-09 15:57:00,10.84,TNG TRANSIT,Transport,DEBIT CARD,DEBIT,Shah Alam
TXN000253,U001,2025-04-10 10:08:00,73.63,TEXAS CHICKEN,Food,E-WALLET,DEBIT,Shah Alam
TXN000252,U001,2025-04-10 21:50:00,433.93,SHOPEE,Shopping,E-WALLET,DEBIT,Kuala Lumpur
TXN000255,U001,2025-04-11 11:15:00,98.89,PETRONAS,Fuel,E-WALLET,DEBIT,Shah Alam
TXN000254,U001,2025-04-11 20:33:00,177.25,IKEA,Shopping,E-WALLET,DEBIT,Shah Alam
TXN000258,U001,2025-04-12 14:38:00,446.22,LAZADA,Shopping,E-WALLET,DEBIT,Petaling Jaya
TXN000257,U001,2025-04-12 15:07:00,92.51,MCDONALDS,Food,DEBIT CARD,DEBIT,Shah Alam
TXN000259,U001,2025-04-12 16:16:00,563.12,LAZADA,Shopping,DEBIT CARD,DEBIT,Petaling Jaya
TXN000256,U001,2025-04-12 16:41:00,111.13,SHELL,Fuel,DEBIT CARD,DEBIT,Kuala Lumpur
TXN000260,U001,2025-04-13 09:05:00,86.57,TEXAS CHICKEN,Food,E-WALLET,DEBIT,Shah Alam
TXN000262,U001,2025-04-13 19:59:00,177.05,AEON,Grocery,E-WALLET,DEBIT,Petaling Jaya
TXN000261,U001,2025-04-13 20:02:00,68.96,PETRONAS,Fuel,E-WALLET,DEBIT,Shah Alam
TXN000266,U001,2025-04-14 09:04:00,59.66,MCDONALDS,Food,E-WALLET,DEBIT,Kuala Lumpur
TXN000263,U001,2025-04-14 17:54:00,35.86,RAPIDKL,Transport,DEBIT CARD,DEBIT,Petaling Jaya
TXN000264,U001,2025-04-14 20:49:00,57.25,TEXAS CHICKEN,Food,E-WALLET,DEBIT,Shah Alam
TXN000265,U001,2025-04-14 21:54:00,367.05,UNIQLO,Shopping,E-WALLET,DEBIT,Shah Alam
TXN000267,U001,2025-04-15 11:56:00,124.94,LOTUS,Grocery,E-WALLET,DEBIT,Shah Alam
TXN000270,U001,2025-04-16 16:22:00,388.18,IKEA,Shopping,DEBIT CARD,DEBIT,Petaling Jaya
TXN000269,U001,2025-04-16 16:30:00,12.77,RAPIDKL,Transport,DEBIT CARD,DEBIT,Kuala Lumpur
TXN000268,U001,2025-04-16 20:47:00,48.13,TNG TRANSIT,Transport,DEBIT CARD,DEBIT,Petaling Jaya
TXN000273,U001,2025-04-17 16:30:00,87.15,MCDONALDS,Food,E-WALLET,DEBIT,Shah Alam
TXN000271,U001,2025-04-17 20:13:00,107.79,MCDONALDS,Food,DEBIT CARD,DEBIT,Kuala Lumpur
TXN000272,U001,2025-04-17 23:56:00,100.12,KFC,Food,DEBIT CARD,DEBIT,Kuala Lumpur
TXN000276,U001,2025-04-18 10:05:00,206.32,LAZADA,Shopping,E-WALLET,DEBIT,Shah Alam
TXN000274,U001,2025-04-18 13:48:00,390.09,IKEA,Shopping,DEBIT CARD,DEBIT,Shah Alam
TXN000275,U001,2025-04-18 14:55:00,94.92,PETRONAS,Fuel,DEBIT CARD,DEBIT,Kuala Lumpur
TXN000277,U001,2025-04-19 14:15:00,65.73,SETEL,Fuel,DEBIT CARD,DEBIT,Petaling Jaya
TXN000278,U001,2025-04-19 14:31:00,95.94,IKEA,Shopping,DEBIT CARD,DEBIT,Kuala Lumpur
TXN000279,U001,2025-04-20 15:53:00,158.2,AEON,Grocery,E-WALLET,DEBIT,Petaling Jaya
TXN000280,U001,2025-04-21 10:23:00,24.55,TNG TRANSIT,Transport,DEBIT CARD,DEBIT,Petaling Jaya
TXN000281,U001,2025-04-21 21:41:00,98.08,UNIQLO,Shopping,E-WALLET,DEBIT,Kuala Lumpur
TXN000282,U001,2025-04-22 18:51:00,35.16,RAPIDKL,Transport,E-WALLET,DEBIT,Shah Alam
TXN000285,U001,2025-04-23 10:43:00,168.97,SHOPEE,Shopping,E-WALLET,DEBIT,Kuala Lumpur
TXN000283,U001,2025-04-23 11:26:00,174.87,AEON,Grocery,E-WALLET,DEBIT,Kuala Lumpur
TXN000284,U001,2025-04-23 16:15:00,337.75,SHOPEE,Shopping,DEBIT CARD,DEBIT,Shah Alam
TXN000287,U001,2025-04-24 18:59:00,38.74,GRAB*FOOD,Food,DEBIT CARD,DEBIT,Kuala Lumpur
TXN000286,U001,2025-04-24 22:34:00,43.6,GRAB,Transport,E-WALLET,DEBIT,Shah Alam
TXN000288,U001,2025-04-25 19:48:00,71.94,KFC,Food,E-WALLET,DEBIT,Kuala Lumpur
TXN000289,U001,2025-04-26 14:10:00,149.84,AEON,Grocery,E-WALLET,DEBIT,Kuala Lumpur
TXN000290,U001,2025-04-26 23:40:00,73.23,LOCAL CAFE,Food,DEBIT CARD,DEBIT,Petaling Jaya
TXN000291,U001,2025-04-27 09:24:00,132.9,TEXAS CHICKEN,Food,DEBIT CARD,DEBIT,Petaling Jaya
TXN000292,U001,2025-04-28 14:11:00,211.82,LOTUS,Grocery,E-WALLET,DEBIT,Kuala Lumpur
TXN000293,U001,2025-04-29 13:17:00,118.58,SETEL,Fuel,E-WALLET,DEBIT,Kuala Lumpur
TXN000294,U001,2025-04-30 17:15:00,47.8,GRAB*FOOD,Food,DEBIT CARD,DEBIT,Petaling Jaya
TXN000295,U001,2025-04-30 21:12:00,30.62,RAPIDKL,Transport,E-WALLET,DEBIT,Kuala Lumpur
TXN000296,U001,2025-05-01 15:20:00,67.68,MCDONALDS,Food,DEBIT CARD,DEBIT,Petaling Jaya
TXN000297,U001,2025-05-02 18:33:00,434.09,UNIQLO,Shopping,E-WALLET,DEBIT,Petaling Jaya
TXN000300,U001,2025-05-03 14:10:00,286.9,SHOPEE,Shopping,E-WALLET,DEBIT,Kuala Lumpur
TXN000298,U001,2025-05-03 14:27:00,229.78,SHOPEE,Shopping,DEBIT CARD,DEBIT,Petaling Jaya
TXN000299,U001,2025-05-03 15:41:00,174.44,AEON,Grocery,E-WALLET,DEBIT,Petaling Jaya
TXN000303,U001,2025-05-04 10:09:00,176.5,GIANT,Grocery,DEBIT CARD,DEBIT,Petaling Jaya
TXN000301,U001,2025-05-04 13:13:00,65.72,MCDONALDS,Food,DEBIT CARD,DEBIT,Shah Alam
TXN000302,U001,2025-05-04 19:38:00,44.37,AEON,Grocery,DEBIT CARD,DEBIT,Petaling Jaya
TXN000304,U001,2025-05-05 13:12:00,29.21,LOCAL CAFE,Food,E-WALLET,DEBIT,Shah Alam
TXN000306,U001,2025-05-06 08:16:00,57.51,LOCAL CAFE,Food,DEBIT CARD,DEBIT,Shah Alam
TXN000305,U001,2025-05-06 17:42:00,223.73,LOTUS,Grocery,E-WALLET,DEBIT,Shah Alam
TXN000307,U001,2025-05-07 11:41:00,45.85,GRAB,Transport,DEBIT CARD,DEBIT,Kuala Lumpur
TXN000310,U001,2025-05-07 17:06:00,37.3,GIANT,Grocery,E-WALLET,DEBIT,Shah Alam
TXN000309,U001,2025-05-07 17:25:00,158.65,IKEA,Shopping,DEBIT CARD,DEBIT,Kuala Lumpur
TXN000308,U001,2025-05-07 21:41:00,133.64,LOTUS,Grocery,DEBIT CARD,DEBIT,Kuala Lumpur
TXN000311,U001,2025-05-08 11:23:00,182.83,LAZADA,Shopping,E-WALLET,DEBIT,Petaling Jaya
TXN000312,U001,2025-05-08 21:42:00,100.33,SHELL,Fuel,E-WALLET,DEBIT,Petaling Jaya
TXN000313,U001,2025-05-09 13:34:00,39.19,RAPIDKL,Transport,E-WALLET,DEBIT,Kuala Lumpur
TXN000314,U001,2025-05-09 21:28:00,319.3,SHOPEE,Shopping,DEBIT CARD,DEBIT,Shah Alam
TXN000315,U001,2025-05-10 08:50:00,140.09,TEXAS CHICKEN,Food,E-WALLET,DEBIT,Petaling Jaya
TXN000317,U001,2025-05-10 09:30:00,166.86,GIANT,Grocery,E-WALLET,DEBIT,Kuala Lumpur
TXN000316,U001,2025-05-10 10:21:00,102.97,AEON,Grocery,DEBIT CARD,DEBIT,Petaling Jaya
TXN000321,U001,2025-05-11 10:46:00,139.71,LOCAL CAFE,Food,DEBIT CARD,DEBIT,Shah Alam
TXN000319,U001,2025-05-11 11:09:00,56.04,SETEL,Fuel,DEBIT CARD,DEBIT,Kuala Lumpur
TXN000320,U001,2025-05-11 19:50:00,61.16,IKEA,Shopping,E-WALLET,DEBIT,Kuala Lumpur
TXN000318,U001,2025-05-11 20:20:00,545.35,IKEA,Shopping,E-WALLET,DEBIT,Kuala Lumpur
TXN000323,U001,2025-05-12 14:12:00,41.25,PETRONAS,Fuel,DEBIT CARD,DEBIT,Shah Alam
TXN000324,U001,2025-05-12 15:32:00,33.04,MCDONALDS,Food,DEBIT CARD,DEBIT,Kuala Lumpur
TXN000322,U001,2025-05-12 21:58:00,39.65,TEXAS CHICKEN,Food,DEBIT CARD,DEBIT,Petaling Jaya
TXN000325,U001,2025-05-13 09:06:00,48.38,LOCAL CAFE,Food,DEBIT CARD,DEBIT,Petaling Jaya
TXN000328,U001,2025-05-13 13:10:00,91.81,SHELL,Fuel,DEBIT CARD,DEBIT,Petaling Jaya
TXN000326,U001,2025-05-13 15:03:00,109.0,PETRONAS,Fuel,DEBIT CARD,DEBIT,Petaling Jaya
TXN000327,U001,2025-05-13 17:35:00,159.28,GIANT,Grocery,DEBIT CARD,DEBIT,Petaling Jaya
TXN000331,U001,2025-05-14 08:26:00,161.34,AEON,Grocery,DEBIT CARD,DEBIT,Kuala Lumpur
TXN000330,U001,2025-05-14 11:32:00,64.71,PETRONAS,Fuel,DEBIT CARD,DEBIT,Shah Alam
TXN000329,U001,2025-05-14 12:03:00,45.3,GRAB,Transport,DEBIT CARD,DEBIT,Kuala Lumpur
TXN000332,U001,2025-05-15 08:55:00,111.51,PETRONAS,Fuel,E-WALLET,DEBIT,Shah Alam
TXN000336,U001,2025-05-16 09:33:00,52.81,SETEL,Fuel,DEBIT CARD,DEBIT,Petaling Jaya
TXN000333,U001,2025-05-16 15:21:00,24.42,GRAB,Transport,E-WALLET,DEBIT,Shah Alam
TXN000334,U001,2025-05-16 17:29:00,37.86,KFC,Food,DEBIT CARD,DEBIT,Kuala Lumpur
TXN000335,U001,2025-05-16 21:08:00,106.36,GRAB*FOOD,Food,DEBIT CARD,DEBIT,Shah Alam
TXN000337,U001,2025-05-17 13:06:00,346.15,IKEA,Shopping,E-WALLET,DEBIT,Petaling Jaya
TXN000340,U001,2025-05-18 11:58:00,79.11,MCDONALDS,Food,E-WALLET,DEBIT,Petaling Jaya
TXN000339,U001,2025-05-18 16:47:00,33.4,RAPIDKL,Transport,E-WALLET,DEBIT,Shah Alam
TXN000338,U001,2025-05-18 19:08:00,144.39,LOCAL CAFE,Food,DEBIT CARD,DEBIT,Shah Alam
TXN000341,U001,2025-05-19 17:44:00,54.97,LOCAL CAFE,Food,E-WALLET,DEBIT,Petaling Jaya
TXN000342,U001,2025-05-20 14:40:00,114.18,SETEL,Fuel,E-WALLET,DEBIT,Petaling Jaya
TXN000343,U001,2025-05-20 16:00:00,45.12,TNG TRANSIT,Transport,DEBIT CARD,DEBIT,Shah Alam
TXN000344,U001,2025-05-20 21:07:00,80.76,MCDONALDS,Food,DEBIT CARD,DEBIT,Kuala Lumpur
TXN000346,U001,2025-05-21 08:59:00,53.59,MCDONALDS,Food,DEBIT CARD,DEBIT,Kuala Lumpur
TXN000348,U001,2025-05-21 10:25:00,113.79,KFC,Food,DEBIT CARD,DEBIT,Kuala Lumpur
TXN000347,U001,2025-05-21 13:08:00,144.31,IKEA,Shopping,DEBIT CARD,DEBIT,Petaling Jaya
TXN000345,U001,2025-05-21 19:40:00,222.07,AEON,Grocery,DEBIT CARD,DEBIT,Shah Alam
TXN000349,U001,2025-05-22 18:57:00,166.37,LAZADA,Shopping,E-WALLET,DEBIT,Petaling Jaya
TXN000350,U001,2025-05-22 19:26:00,19.97,TNG TRANSIT,Transport,E-WALLET,DEBIT,Shah Alam
TXN000351,U001,2025-05-23 14:07:00,135.89,VILLAGE GROCER,Grocery,E-WALLET,DEBIT,Shah Alam
TXN000352,U001,2025-05-24 18:10:00,28.45,KFC,Food,DEBIT CARD,DEBIT,Petaling Jaya
TXN000355,U001,2025-05-25 14:47:00,157.81,GIANT,Grocery,DEBIT CARD,DEBIT,Kuala Lumpur
TXN000354,U001,2025-05-25 15:08:00,411.71,SHOPEE,Shopping,E-WALLET,DEBIT,Petaling Jaya
TXN000356,U001,2025-05-25 15:33:00,29.27,LOCAL CAFE,Food,DEBIT CARD,DEBIT,Kuala Lumpur
TXN000353,U001,2025-05-25 21:29:00,43.81,GIANT,Grocery,DEBIT CARD,DEBIT,Petaling Jaya
TXN000358,U001,2025-05-26 10:11:00,54.25,MCDONALDS,Food,DEBIT CARD,DEBIT,Petaling Jaya
TXN000357,U001,2025-05-26 17:10:00,126.55,SHOPEE,Shopping,E-WALLET,DEBIT,Kuala Lumpur
TXN000359,U001,2025-05-27 10:51:00,106.36,LAZADA,Shopping,E-WALLET,DEBIT,Kuala Lumpur
TXN000361,U001,2025-05-27 11:09:00,84.27,GIANT,Grocery,E-WALLET,DEBIT,Petaling Jaya
TXN000360,U001,2025-05-27 19:39:00,110.19,GIANT,Grocery,DEBIT CARD,DEBIT,Kuala Lumpur
TXN000362,U001,2025-05-28 08:17:00,153.48,VILLAGE GROCER,Grocery,DEBIT CARD,DEBIT,Shah Alam
TXN000363,U001,2025-05-28 17:58:00,19.52,GRAB*FOOD,Food,DEBIT CARD,DEBIT,Petaling Jaya
TXN000366,U001,2025-05-29 10:11:00,29.96,KFC,Food,DEBIT CARD,DEBIT,Shah Alam
TXN000364,U001,2025-05-29 10:31:00,31.95,LOTUS,Grocery,DEBIT CARD,DEBIT,Petaling Jaya
TXN000365,U001,2025-05-29 20:34:00,353.08,IKEA,Shopping,E-WALLET,DEBIT,Shah Alam
TXN000367,U001,2025-05-30 11:30:00,41.56,TNG TRANSIT,Transport,DEBIT CARD,DEBIT,Kuala Lumpur
TXN000368,U001,2025-05-30 13:59:00,87.34,LOCAL CAFE,Food,DEBIT CARD,DEBIT,Petaling Jaya
TXN000369,U001,2025-05-31 11:47:00,22.66,RAPIDKL,Transport,DEBIT CARD,DEBIT,Petaling Jaya
TXN000370,U001,2025-06-01 21:47:00,168.06,VILLAGE GROCER,Grocery,DEBIT CARD,DEBIT,Petaling Jaya
TXN000371,U001,2025-06-02 15:20:00,77.15,SHELL,Fuel,DEBIT CARD,DEBIT,Shah Alam
TXN000372,U001,2025-06-03 08:28:00,341.57,IKEA,Shopping,DEBIT CARD,DEBIT,Shah Alam
TXN000373,U001,2025-06-03 15:09:00,32.26,GRAB*FOOD,Food,DEBIT CARD,DEBIT,Shah Alam
TXN000377,U001,2025-06-04 15:07:00,59.03,KFC,Food,DEBIT CARD,DEBIT,Shah Alam
TXN000376,U001,2025-06-04 15:39:00,76.5,SHELL,Fuel,DEBIT CARD,DEBIT,Kuala Lumpur
TXN000375,U001,2025-06-04 18:18:00,25.57,TNG TRANSIT,Transport,E-WALLET,DEBIT,Shah Alam
TXN000374,U001,2025-06-04 19:04:00,109.18,IKEA,Shopping,DEBIT CARD,DEBIT,Shah Alam
TXN000378,U001,2025-06-05 10:35:00,220.81,SHOPEE,Shopping,E-WALLET,DEBIT,Kuala Lumpur
TXN000379,U001,2025-06-05 18:40:00,219.02,GIANT,Grocery,DEBIT CARD,DEBIT,Petaling Jaya
TXN000382,U001,2025-06-06 08:55:00,27.25,TNG TRANSIT,Transport,DEBIT CARD,DEBIT,Kuala Lumpur
TXN000381,U001,2025-06-06 10:58:00,17.33,RAPIDKL,Transport,E-WALLET,DEBIT,Kuala Lumpur
TXN000383,U001,2025-06-06 14:12:00,489.89,IKEA,Shopping,E-WALLET,DEBIT,Shah Alam
TXN000380,U001,2025-06-06 16:15:00,57.23,GRAB*FOOD,Food,E-WALLET,DEBIT,Kuala Lumpur
TXN000385,U001,2025-06-07 10:44:00,41.15,GRAB,Transport,E-WALLET,DEBIT,Petaling Jaya
TXN000384,U001,2025-06-07 13:25:00,109.11,SETEL,Fuel,DEBIT CARD,DEBIT,Petaling Jaya
TXN000386,U001,2025-06-07 20:37:00,47.06,LOCAL CAFE,Food,DEBIT CARD,DEBIT,Kuala Lumpur
TXN000387,U001,2025-06-08 11:37:00,91.04,KFC,Food,DEBIT CARD,DEBIT,Petaling Jaya
TXN000388,U001,2025-06-08 12:56:00,173.97,VILLAGE GROCER,Grocery,E-WALLET,DEBIT,Shah Alam
TXN000390,U001,2025-06-08 18:01:00,146.7,GIANT,Grocery,E-WALLET,DEBIT,Shah Alam
TXN000389,U001,2025-06-08 21:55:00,210.16,VILLAGE GROCER,Grocery,E-WALLET,DEBIT,Shah Alam
TXN000393,U001,2025-06-09 09:22:00,43.81,KFC,Food,DEBIT CARD,DEBIT,Shah Alam
TXN000392,U001,2025-06-09 11:27:00,207.67,AEON,Grocery,E-WALLET,DEBIT,Shah Alam
TXN000394,U001,2025-06-09 12:12:00,172.57,LAZADA,Shopping,E-WALLET,DEBIT,Petaling Jaya
TXN000391,U001,2025-06-09 20:34:00,22.29,MCDONALDS,Food,DEBIT CARD,DEBIT,Kuala Lumpur
TXN000395,U001,2025-06-10 08:24:00,266.92,IKEA,Shopping,E-WALLET,DEBIT,Shah Alam
TXN000396,U001,2025-06-10 21:25:00,102.54,PETRONAS,Fuel,DEBIT CARD,DEBIT,Petaling Jaya
TXN000397,U001,2025-06-11 08:15:00,442.89,IKEA,Shopping,E-WALLET,DEBIT,Shah Alam
TXN000398,U001,2025-06-11 14:55:00,89.01,LOCAL CAFE,Food,DEBIT CARD,DEBIT,Petaling Jaya
TXN000400,U001,2025-06-11 17:53:00,88.56,TEXAS CHICKEN,Food,DEBIT CARD,DEBIT,Petaling Jaya
TXN000399,U001,2025-06-11 20:50:00,16.58,GRAB,Transport,E-WALLET,DEBIT,Petaling Jaya
TXN000401,U001,2025-06-12 17:02:00,64.24,PETRONAS,Fuel,DEBIT CARD,DEBIT,Shah Alam
TXN000403,U001,2025-06-13 08:18:00,104.97,PETRONAS,Fuel,E-WALLET,DEBIT,Petaling Jaya
TXN000402,U001,2025-06-13 09:26:00,82.33,GRAB*FOOD,Food,E-WALLET,DEBIT,Petaling Jaya
TXN000404,U001,2025-06-13 15:51:00,14.72,TEXAS CHICKEN,Food,DEBIT CARD,DEBIT,Petaling Jaya
TXN000405,U001,2025-06-14 13:21:00,30.64,TEXAS CHICKEN,Food,DEBIT CARD,DEBIT,Shah Alam
TXN000406,U001,2025-06-14 15:14:00,44.67,MCDONALDS,Food,DEBIT CARD,DEBIT,Petaling Jaya
TXN000407,U001,2025-06-15 19:10:00,87.02,GRAB*FOOD,Food,E-WALLET,DEBIT,Shah Alam
TXN000408,U001,2025-06-16 11:13:00,88.56,LOTUS,Grocery,E-WALLET,DEBIT,Kuala Lumpur
TXN000409,U001,2025-06-16 13:01:00,167.44,LOTUS,Grocery,E-WALLET,DEBIT,Kuala Lumpur
TXN000410,U001,2025-06-17 16:42:00,209.15,IKEA,Shopping,DEBIT CARD,DEBIT,Kuala Lumpur
TXN000411,U001,2025-06-17 16:53:00,349.59,UNIQLO,Shopping,E-WALLET,DEBIT,Kuala Lumpur
TXN000412,U001,2025-06-17 19:26:00,24.12,KFC,Food,DEBIT CARD,DEBIT,Kuala Lumpur
TXN000413,U001,2025-06-18 16:38:00,123.58,SHOPEE,Shopping,DEBIT CARD,DEBIT,Shah Alam
TXN000416,U001,2025-06-19 16:24:00,70.99,GIANT,Grocery,E-WALLET,DEBIT,Petaling Jaya
TXN000415,U001,2025-06-19 17:17:00,76.65,LOCAL CAFE,Food,DEBIT CARD,DEBIT,Kuala Lumpur
TXN000414,U001,2025-06-19 18:53:00,469.33,LAZADA,Shopping,DEBIT CARD,DEBIT,Shah Alam
TXN000417,U001,2025-06-20 20:07:00,85.77,MCDONALDS,Food,E-WALLET,DEBIT,Shah Alam
TXN000419,U001,2025-06-21 09:39:00,77.73,AEON,Grocery,E-WALLET,DEBIT,Kuala Lumpur
TXN000418,U001,2025-06-21 17:13:00,80.1,SHELL,Fuel,DEBIT CARD,DEBIT,Petaling Jaya
TXN000423,U001,2025-06-22 15:43:00,195.87,AEON,Grocery,DEBIT CARD,DEBIT,Petaling Jaya
TXN000422,U001,2025-06-22 16:04:00,282.45,LAZADA,Shopping,DEBIT CARD,DEBIT,Shah Alam
TXN000421,U001,2025-06-22 17:07:00,99.9,SHELL,Fuel,DEBIT CARD,DEBIT,Kuala Lumpur
TXN000420,U001,2025-06-22 19:46:00,221.78,IKEA,Shopping,E-WALLET,DEBIT,Kuala Lumpur
TXN000424,U001,2025-06-23 13:41:00,47.45,TNG TRANSIT,Transport,E-WALLET,DEBIT,Petaling Jaya
TXN000425,U001,2025-06-23 18:53:00,81.72,MCDONALDS,Food,DEBIT CARD,DEBIT,Shah Alam
TXN000426,U001,2025-06-24 17:10:00,47.35,KFC,Food,E-WALLET,DEBIT,Shah Alam
TXN000427,U001,2025-06-25 16:39:00,42.25,GRAB*FOOD,Food,DEBIT CARD,DEBIT,Shah Alam
TXN000428,U001,2025-06-25 18:21:00,46.42,PETRONAS,Fuel,DEBIT CARD,DEBIT,Petaling Jaya
TXN000429,U001,2025-06-26 10:00:00,56.15,LAZADA,Shopping,E-WALLET,DEBIT,Shah Alam
TXN000430,U001,2025-06-27 15:53:00,96.91,SETEL,Fuel,E-WALLET,DEBIT,Petaling Jaya
TXN000431,U001,2025-06-27 21:19:00,132.68,LAZADA,Shopping,DEBIT CARD,DEBIT,Kuala Lumpur
TXN000432,U001,2025-06-28 12:54:00,14.44,TNG TRANSIT,Transport,DEBIT CARD,DEBIT,Kuala Lumpur
TXN000433,U001,2025-06-29 11:54:00,11.83,TNG TRANSIT,Transport,DEBIT CARD,DEBIT,Petaling Jaya
TXN000434,U001,2025-06-30 14:47:00,117.22,TEXAS CHICKEN,Food,DEBIT CARD,DEBIT,Petaling Jaya
TXN000436,U001,2025-07-01 09:36:00,42.0,SHELL,Fuel,DEBIT CARD,DEBIT,Kuala Lumpur
TXN000435,U001,2025-07-01 16:03:00,34.92,TNG TRANSIT,Transport,E-WALLET,DEBIT,Kuala Lumpur
TXN000437,U001,2025-07-01 18:40:00,355.85,LAZADA,Shopping,DEBIT CARD,DEBIT,Petaling Jaya
TXN000438,U001,2025-07-02 11:15:00,19.61,RAPIDKL,Transport,E-WALLET,DEBIT,Petaling Jaya
TXN000440,U001,2025-07-03 09:54:00,35.14,TNG TRANSIT,Transport,E-WALLET,DEBIT,Shah Alam
TXN000441,U001,2025-07-03 14:11:00,82.92,GIANT,Grocery,DEBIT CARD,DEBIT,Shah Alam
TXN000442,U001,2025-07-03 16:55:00,57.57,TEXAS CHICKEN,Food,DEBIT CARD,DEBIT,Shah Alam
TXN000439,U001,2025-07-03 17:00:00,81.57,TEXAS CHICKEN,Food,DEBIT CARD,DEBIT,Petaling Jaya
TXN000443,U001,2025-07-04 15:31:00,172.03,GIANT,Grocery,DEBIT CARD,DEBIT,Kuala Lumpur
TXN000446,U001,2025-07-05 13:29:00,83.86,SHOPEE,Shopping,E-WALLET,DEBIT,Petaling Jaya
TXN000444,U001,2025-07-05 17:16:00,60.98,MCDONALDS,Food,DEBIT CARD,DEBIT,Petaling Jaya
TXN000445,U001,2025-07-05 19:33:00,143.67,KFC,Food,E-WALLET,DEBIT,Kuala Lumpur
TXN000447,U001,2025-07-06 18:07:00,225.46,VILLAGE GROCER,Grocery,DEBIT CARD,DEBIT,Kuala Lumpur
TXN000448,U001,2025-07-06 20:56:00,84.67,SETEL,Fuel,DEBIT CARD,DEBIT,Petaling Jaya
TXN000450,U001,2025-07-07 09:00:00,69.86,SHELL,Fuel,DEBIT CARD,DEBIT,Shah Alam
TXN000449,U001,2025-07-07 11:02:00,78.21,SHOPEE,Shopping,DEBIT CARD,DEBIT,Petaling Jaya
TXN000451,U001,2025-07-07 13:13:00,68.18,MCDONALDS,Food,E-WALLET,DEBIT,Kuala Lumpur
TXN000452,U001,2025-07-07 21:03:00,14.1,RAPIDKL,Transport,DEBIT CARD,DEBIT,Petaling Jaya
TXN000454,U001,2025-07-08 09:19:00,119.98,MCDONALDS,Food,E-WALLET,DEBIT,Petaling Jaya
TXN000453,U001,2025-07-08 12:21:00,99.49,SETEL,Fuel,E-WALLET,DEBIT,Shah Alam
TXN000455,U001,2025-07-08 19:14:00,53.26,SHELL,Fuel,DEBIT CARD,DEBIT,Shah Alam
TXN000457,U001,2025-07-09 18:41:00,19.04,TNG TRANSIT,Transport,E-WALLET,DEBIT,Petaling Jaya
TXN000456,U001,2025-07-09 18:59:00,69.12,KFC,Food,E-WALLET,DEBIT,Shah Alam
TXN000458,U001,2025-07-09 19:31:00,140.48,AEON,Grocery,E-WALLET,DEBIT,Petaling Jaya
TXN000459,U001,2025-07-09 20:33:00,12.55,RAPIDKL,Transport,DEBIT CARD,DEBIT,Shah Alam
TXN000460,U001,2025-07-10 09:25:00,30.65,LOCAL CAFE,Food,DEBIT CARD,DEBIT,Shah Alam
TXN000462,U001,2025-07-11 12:22:00,188.79,AEON,Grocery,E-WALLET,DEBIT,Shah Alam
TXN000463,U001,2025-07-11 13:56:00,327.48,IKEA,Shopping,E-WALLET,DEBIT,Petaling Jaya
TXN000461,U001,2025-07-11 21:29:00,273.43,LAZADA,Shopping,E-WALLET,DEBIT,Petaling Jaya
TXN000465,U001,2025-07-12 16:13:00,374.81,LAZADA,Shopping,DEBIT CARD,DEBIT,Petaling Jaya
TXN000464,U001,2025-07-12 16:37:00,31.92,GRAB*FOOD,Food,E-WALLET,DEBIT,Kuala Lumpur
TXN000469,U001,2025-07-13 17:18:00,89.58,VILLAGE GROCER,Grocery,DEBIT CARD,DEBIT,Shah Alam
TXN000467,U001,2025-07-13 17:36:00,62.54,SHELL,Fuel,E-WALLET,DEBIT,Petaling Jaya
TXN000468,U001,2025-07-13 20:43:00,67.71,SHELL,Fuel,DEBIT CARD,DEBIT,Kuala Lumpur
TXN000466,U001,2025-07-13 20:49:00,51.6,MCDONALDS,Food,DEBIT CARD,DEBIT,Shah Alam
TXN000470,U001,2025-07-14 17:24:00,77.56,SHELL,Fuel,E-WALLET,DEBIT,Kuala Lumpur
TXN000471,U001,2025-07-15 14:10:00,91.2,GRAB*FOOD,Food,DEBIT CARD,DEBIT,Petaling Jaya
TXN000472,U001,2025-07-16 21:30:00,85.45,GRAB*FOOD,Food,E-WALLET,DEBIT,Kuala Lumpur
TXN000473,U001,2025-07-17 13:18:00,166.74,UNIQLO,Shopping,DEBIT CARD,DEBIT,Shah Alam
TXN000474,U001,2025-07-17 16:51:00,109.14,LOCAL CAFE,Food,E-WALLET,DEBIT,Kuala Lumpur
TXN000475,U001,2025-07-18 08:31:00,184.33,SHOPEE,Shopping,E-WALLET,DEBIT,Kuala Lumpur
TXN000477,U001,2025-07-18 13:05:00,69.1,KFC,Food,DEBIT CARD,DEBIT,Shah Alam
TXN000476,U001,2025-07-18 15:50:00,244.56,VILLAGE GROCER,Grocery,E-WALLET,DEBIT,Shah Alam
TXN000478,U001,2025-07-19 08:01:00,14.03,GRAB*FOOD,Food,DEBIT CARD,DEBIT,Petaling Jaya
TXN000480,U001,2025-07-19 08:54:00,110.71,SHELL,Fuel,E-WALLET,DEBIT,Kuala Lumpur
TXN000479,U001,2025-07-19 11:27:00,132.32,UNIQLO,Shopping,E-WALLET,DEBIT,Shah Alam
TXN000481,U001,2025-07-19 16:34:00,427.17,IKEA,Shopping,E-WALLET,DEBIT,Shah Alam
TXN000482,U001,2025-07-20 12:48:00,413.28,IKEA,Shopping,DEBIT CARD,DEBIT,Shah Alam
TXN000483,U001,2025-07-21 12:28:00,88.89,PETRONAS,Fuel,E-WALLET,DEBIT,Shah Alam
TXN000484,U001,2025-07-21 14:25:00,49.18,GRAB,Transport,DEBIT CARD,DEBIT,Petaling Jaya
TXN000485,U001,2025-07-22 13:59:00,117.46,GRAB*FOOD,Food,DEBIT CARD,DEBIT,Petaling Jaya
TXN000486,U001,2025-07-23 13:32:00,65.54,SETEL,Fuel,E-WALLET,DEBIT,Shah Alam
TXN000487,U001,2025-07-23 16:19:00,10.64,GRAB,Transport,E-WALLET,DEBIT,Shah Alam
TXN000488,U001,2025-07-24 11:12:00,30.59,TNG TRANSIT,Transport,DEBIT CARD,DEBIT,Petaling Jaya
TXN000489,U001,2025-07-24 11:59:00,394.72,LAZADA,Shopping,DEBIT CARD,DEBIT,Shah Alam
TXN000490,U001,2025-07-24 14:55:00,45.95,SHELL,Fuel,E-WALLET,DEBIT,Kuala Lumpur
TXN000491,U001,2025-07-24 19:41:00,116.98,MCDONALDS,Food,DEBIT CARD,DEBIT,Kuala Lumpur
TXN000494,U001,2025-07-25 08:45:00,108.49,GRAB*FOOD,Food,E-WALLET,DEBIT,Kuala Lumpur
TXN000492,U001,2025-07-25 11:52:00,90.43,AEON,Grocery,E-WALLET,DEBIT,Kuala Lumpur
TXN000493,U001,2025-07-25 21:39:00,21.04,RAPIDKL,Transport,E-WALLET,DEBIT,Kuala Lumpur
TXN000497,U001,2025-07-26 14:10:00,125.87,MCDONALDS,Food,E-WALLET,DEBIT,Shah Alam
TXN000495,U001,2025-07-26 19:05:00,16.03,RAPIDKL,Transport,E-WALLET,DEBIT,Petaling Jaya
TXN000496,U001,2025-07-26 19:17:00,178.41,GIANT,Grocery,DEBIT CARD,DEBIT,Petaling Jaya
TXN000498,U001,2025-07-27 13:03:00,57.25,SETEL,Fuel,E-WALLET,DEBIT,Shah Alam
TXN000499,U001,2025-07-27 13:49:00,93.69,LOCAL CAFE,Food,E-WALLET,DEBIT,Shah Alam
TXN000500,U001,2025-07-28 08:44:00,94.18,MCDONALDS,Food,E-WALLET,DEBIT,Shah Alam
TXN000501,U001,2025-07-28 18:22:00,18.81,TEXAS CHICKEN,Food,E-WALLET,DEBIT,Petaling Jaya
TXN000503,U001,2025-07-29 10:05:00,100.21,LOCAL CAFE,Food,E-WALLET,DEBIT,Petaling Jaya
TXN000502,U001,2025-07-29 13:15:00,135.29,SHOPEE,Shopping,DEBIT CARD,DEBIT,Petaling Jaya
TXN000504,U001,2025-07-29 15:46:00,88.43,SETEL,Fuel,E-WALLET,DEBIT,Shah Alam
TXN000505,U001,2025-07-29 21:56:00,360.1,LAZADA,Shopping,DEBIT CARD,DEBIT,Shah Alam
TXN000509,U001,2025-07-30 09:03:00,21.31,TNG TRANSIT,Transport,E-WALLET,DEBIT,Shah Alam
TXN000506,U001,2025-07-30 12:52:00,215.98,AEON,Grocery,DEBIT CARD,DEBIT,Kuala Lumpur
TXN000507,U001,2025-07-30 17:45:00,44.36,TEXAS CHICKEN,Food,E-WALLET,DEBIT,Shah Alam
TXN000508,U001,2025-07-30 20:44:00,58.9,SHELL,Fuel,E-WALLET,DEBIT,Petaling Jaya
TXN000511,U001,2025-07-31 13:14:00,43.03,SHELL,Fuel,E-WALLET,DEBIT,Petaling Jaya
TXN000510,U001,2025-07-31 17:15:00,45.47,LOCAL CAFE,Food,DEBIT CARD,DEBIT,Shah Alam
TXN000512,U001,2025-08-01 20:51:00,31.11,GRAB,Transport,DEBIT CARD,DEBIT,Shah Alam
TXN000513,U001,2025-08-02 13:32:00,205.32,LOTUS,Grocery,E-WALLET,DEBIT,Kuala Lumpur
TXN000514,U001,2025-08-02 19:12:00,72.64,SETEL,Fuel,E-WALLET,DEBIT,Petaling Jaya
TXN000515,U001,2025-08-03 12:58:00,88.54,MCDONALDS,Food,DEBIT CARD,DEBIT,Shah Alam
TXN000516,U001,2025-08-03 13:54:00,636.29,SHOPEE,Shopping,E-WALLET,DEBIT,Kuala Lumpur
TXN000517,U001,2025-08-03 22:02:00,66.92,KFC,Food,DEBIT CARD,DEBIT,Kuala Lumpur
TXN000518,U001,2025-08-04 10:27:00,295.28,IKEA,Shopping,DEBIT CARD,DEBIT,Kuala Lumpur
TXN000520,U001,2025-08-05 18:08:00,83.31,TEXAS CHICKEN,Food,E-WALLET,DEBIT,Petaling Jaya
TXN000519,U001,2025-08-05 19:01:00,83.19,LOCAL CAFE,Food,E-WALLET,DEBIT,Shah Alam
TXN000521,U001,2025-08-05 19:56:00,47.67,KFC,Food,E-WALLET,DEBIT,Petaling Jaya
TXN000525,U001,2025-08-06 08:02:00,241.9,AEON,Grocery,E-WALLET,DEBIT,Petaling Jaya
TXN000522,U001,2025-08-06 16:41:00,324.26,SHOPEE,Shopping,E-WALLET,DEBIT,Kuala Lumpur
TXN000524,U001,2025-08-06 18:12:00,71.22,TEXAS CHICKEN,Food,E-WALLET,DEBIT,Shah Alam
TXN000523,U001,2025-08-06 21:15:00,53.86,GIANT,Grocery,DEBIT CARD,DEBIT,Petaling Jaya
TXN000526,U001,2025-08-07 09:02:00,29.36,LOCAL CAFE,Food,DEBIT CARD,DEBIT,Petaling Jaya
TXN000528,U001,2025-08-08 11:32:00,192.4,LOTUS,Grocery,E-WALLET,DEBIT,Petaling Jaya
TXN000527,U001,2025-08-08 13:15:00,234.63,LOTUS,Grocery,DEBIT CARD,DEBIT,Shah Alam
TXN000529,U001,2025-08-08 18:18:00,158.28,SHOPEE,Shopping,E-WALLET,DEBIT,Shah Alam
TXN000530,U001,2025-08-09 17:57:00,16.61,GRAB,Transport,DEBIT CARD,DEBIT,Shah Alam
TXN000532,U001,2025-08-10 10:09:00,51.02,PETRONAS,Fuel,E-WALLET,DEBIT,Petaling Jaya
TXN000534,U001,2025-08-10 11:02:00,116.07,GRAB*FOOD,Food,DEBIT CARD,DEBIT,Shah Alam
TXN000531,U001,2025-08-10 13:30:00,90.71,VILLAGE GROCER,Grocery,DEBIT CARD,DEBIT,Kuala Lumpur
TXN000533,U001,2025-08-10 17:57:00,208.86,UNIQLO,Shopping,DEBIT CARD,DEBIT,Kuala Lumpur
TXN000535,U001,2025-08-11 11:38:00,137.08,SHOPEE,Shopping,DEBIT CARD,DEBIT,Kuala Lumpur
TXN000536,U001,2025-08-12 09:49:00,216.58,LOTUS,Grocery,E-WALLET,DEBIT,Shah Alam
TXN000537,U001,2025-08-12 13:06:00,8.63,TNG TRANSIT,Transport,DEBIT CARD,DEBIT,Kuala Lumpur
TXN000538,U001,2025-08-12 22:47:00,116.78,LOCAL CAFE,Food,DEBIT CARD,DEBIT,Petaling Jaya
TXN000540,U001,2025-08-13 16:10:00,473.65,LAZADA,Shopping,DEBIT CARD,DEBIT,Kuala Lumpur
TXN000539,U001,2025-08-13 18:25:00,17.89,TNG TRANSIT,Transport,DEBIT CARD,DEBIT,Petaling Jaya
TXN000542,U001,2025-08-14 12:03:00,18.61,LOCAL CAFE,Food,E-WALLET,DEBIT,Petaling Jaya
TXN000543,U001,2025-08-14 17:38:00,41.76,RAPIDKL,Transport,DEBIT CARD,DEBIT,Kuala Lumpur
TXN000544,U001,2025-08-14 20:20:00,26.04,GRAB,Transport,E-WALLET,DEBIT,Petaling Jaya
TXN000541,U001,2025-08-14 21:16:00,203.57,VILLAGE GROCER,Grocery,E-WALLET,DEBIT,Kuala Lumpur
TXN000545,U001,2025-08-15 14:24:00,26.38,TNG TRANSIT,Transport,DEBIT CARD,DEBIT,Shah Alam
TXN000546,U001,2025-08-16 10:44:00,362.57,UNIQLO,Shopping,DEBIT CARD,DEBIT,Kuala Lumpur
TXN000547,U001,2025-08-16 21:49:00,54.91,SHELL,Fuel,DEBIT CARD,DEBIT,Shah Alam
TXN000548,U001,2025-08-17 08:09:00,35.37,LOCAL CAFE,Food,DEBIT CARD,DEBIT,Shah Alam
TXN000550,U001,2025-08-18 10:07:00,19.76,MCDONALDS,Food,E-WALLET,DEBIT,Shah Alam
TXN000549,U001,2025-08-18 20:03:00,37.67,RAPIDKL,Transport,E-WALLET,DEBIT,Petaling Jaya
TXN000551,U001,2025-08-18 21:35:00,51.19,PETRONAS,Fuel,E-WALLET,DEBIT,Shah Alam
TXN000553,U001,2025-08-19 17:01:00,117.61,PETRONAS,Fuel,DEBIT CARD,DEBIT,Kuala Lumpur
TXN000554,U001,2025-08-19 19:29:00,370.55,LAZADA,Shopping,E-WALLET,DEBIT,Kuala Lumpur
TXN000552,U001,2025-08-19 21:42:00,34.31,TNG TRANSIT,Transport,DEBIT CARD,DEBIT,Shah Alam
TXN000557,U001,2025-08-20 13:38:00,179.98,UNIQLO,Shopping,E-WALLET,DEBIT,Shah Alam
TXN000556,U001,2025-08-20 15:20:00,71.28,PETRONAS,Fuel,DEBIT CARD,DEBIT,Kuala Lumpur
TXN000555,U001,2025-08-20 16:01:00,78.54,AEON,Grocery,E-WALLET,DEBIT,Petaling Jaya
TXN000560,U001,2025-08-21 10:26:00,119.13,SETEL,Fuel,E-WALLET,DEBIT,Petaling Jaya
TXN000559,U001,2025-08-21 12:21:00,217.33,LAZADA,Shopping,DEBIT CARD,DEBIT,Kuala Lumpur
TXN000558,U001,2025-08-21 16:11:00,40.88,TNG TRANSIT,Transport,E-WALLET,DEBIT,Petaling Jaya
TXN000561,U001,2025-08-22 10:49:00,111.26,MCDONALDS,Food,DEBIT CARD,DEBIT,Shah Alam
TXN000564,U001,2025-08-22 11:33:00,153.69,SHOPEE,Shopping,E-WALLET,DEBIT,Petaling Jaya
TXN000563,U001,2025-08-22 17:05:00,239.85,IKEA,Shopping,E-WALLET,DEBIT,Petaling Jaya
TXN000562,U001,2025-08-22 17:09:00,19.73,GRAB,Transport,E-WALLET,DEBIT,Shah Alam
TXN000565,U001,2025-08-23 08:57:00,66.11,MCDONALDS,Food,DEBIT CARD,DEBIT,Shah Alam
TXN000567,U001,2025-08-23 14:56:00,85.54,SHELL,Fuel,E-WALLET,DEBIT,Shah Alam
TXN000566,U001,2025-08-23 20:27:00,112.37,LOTUS,Grocery,DEBIT CARD,DEBIT,Petaling Jaya
TXN000569,U001,2025-08-24 10:02:00,392.14,UNIQLO,Shopping,E-WALLET,DEBIT,Petaling Jaya
TXN000570,U001,2025-08-24 10:29:00,71.41,TEXAS CHICKEN,Food,DEBIT CARD,DEBIT,Shah Alam
TXN000568,U001,2025-08-24 12:09:00,84.16,PETRONAS,Fuel,DEBIT CARD,DEBIT,Kuala Lumpur
TXN000571,U001,2025-08-24 13:33:00,102.24,SHELL,Fuel,E-WALLET,DEBIT,Kuala Lumpur
TXN000572,U001,2025-08-25 11:37:00,143.95,AEON,Grocery,E-WALLET,DEBIT,Kuala Lumpur
TXN000573,U001,2025-08-25 15:39:00,113.92,TEXAS CHICKEN,Food,E-WALLET,DEBIT,Shah Alam
TXN000575,U001,2025-08-26 09:24:00,36.1,MCDONALDS,Food,DEBIT CARD,DEBIT,Kuala Lumpur
TXN000574,U001,2025-08-26 17:50:00,106.73,LOTUS,Grocery,E-WALLET,DEBIT,Shah Alam
TXN000576,U001,2025-08-27 19:09:00,18.3,RAPIDKL,Transport,E-WALLET,DEBIT,Petaling Jaya
TXN000577,U001,2025-08-28 11:38:00,88.56,AEON,Grocery,DEBIT CARD,DEBIT,Shah Alam
TXN000578,U001,2025-08-29 11:14:00,33.71,VILLAGE GROCER,Grocery,DEBIT CARD,DEBIT,Petaling Jaya
TXN000579,U001,2025-08-29 11:27:00,148.33,VILLAGE GROCER,Grocery,E-WALLET,DEBIT,Petaling Jaya
TXN000580,U001,2025-08-29 20:48:00,16.9,RAPIDKL,Transport,DEBIT CARD,DEBIT,Petaling Jaya
TXN000582,U001,2025-08-30 08:16:00,104.72,GIANT,Grocery,E-WALLET,DEBIT,Petaling Jaya
TXN000583,U001,2025-08-30 11:10:00,439.34,LAZADA,Shopping,E-WALLET,DEBIT,Petaling Jaya
TXN000581,U001,2025-08-30 18:27:00,163.83,GIANT,Grocery,DEBIT CARD,DEBIT,Shah Alam
TXN000584,U001,2025-08-30 19:02:00,169.25,LOTUS,Grocery,E-WALLET,DEBIT,Kuala Lumpur
TXN000585,U001,2025-08-31 18:14:00,11.2,MCDONALDS,Food,E-WALLET,DEBIT,Kuala Lumpur
TXN000588,U001,2025-09-01 10:12:00,307.68,IKEA,Shopping,E-WALLET,DEBIT,Petaling Jaya
TXN000586,U001,2025-09-01 10:21:00,85.21,LOCAL CAFE,Food,E-WALLET,DEBIT,Petaling Jaya
TXN000587,U001,2025-09-01 11:00:00,108.05,IKEA,Shopping,DEBIT CARD,DEBIT,Petaling Jaya
TXN000589,U001,2025-09-01 15:33:00,59.23,GRAB*FOOD,Food,DEBIT CARD,DEBIT,Shah Alam
TXN000590,U001,2025-09-02 10:31:00,464.66,UNIQLO,Shopping,E-WALLET,DEBIT,Shah Alam
TXN000593,U001,2025-09-03 09:44:00,19.0,TNG TRANSIT,Transport,E-WALLET,DEBIT,Petaling Jaya
TXN000591,U001,2025-09-03 14:58:00,45.02,TNG TRANSIT,Transport,DEBIT CARD,DEBIT,Petaling Jaya
TXN000592,U001,2025-09-03 18:56:00,96.36,PETRONAS,Fuel,E-WALLET,DEBIT,Kuala Lumpur
TXN000594,U001,2025-09-04 08:05:00,82.76,LOCAL CAFE,Food,E-WALLET,DEBIT,Kuala Lumpur
TXN000595,U001,2025-09-04 08:09:00,55.69,SHOPEE,Shopping,E-WALLET,DEBIT,Petaling Jaya
TXN000596,U001,2025-09-04 12:21:00,81.87,GIANT,Grocery,DEBIT CARD,DEBIT,Kuala Lumpur
TXN000599,U001,2025-09-05 08:01:00,34.07,TEXAS CHICKEN,Food,DEBIT CARD,DEBIT,Petaling Jaya
TXN000598,U001,2025-09-05 13:04:00,102.54,TEXAS CHICKEN,Food,E-WALLET,DEBIT,Petaling Jaya
TXN000597,U001,2025-09-05 13:25:00,75.61,PETRONAS,Fuel,E-WALLET,DEBIT,Petaling Jaya
TXN000600,U001,2025-09-05 16:01:00,86.24,SHOPEE,Shopping,DEBIT CARD,DEBIT,Shah Alam
TXN000601,U001,2025-09-06 11:53:00,46.45,AEON,Grocery,DEBIT CARD,DEBIT,Petaling Jaya
TXN000602,U001,2025-09-06 13:19:00,23.65,RAPIDKL,Transport,E-WALLET,DEBIT,Kuala Lumpur
TXN000603,U001,2025-09-06 17:07:00,43.24,TNG TRANSIT,Transport,E-WALLET,DEBIT,Shah Alam
TXN000604,U001,2025-09-07 09:25:00,7.61,TNG TRANSIT,Transport,E-WALLET,DEBIT,Petaling Jaya
TXN000606,U001,2025-09-07 16:01:00,116.97,LAZADA,Shopping,DEBIT CARD,DEBIT,Shah Alam
TXN000607,U001,2025-09-07 20:59:00,132.86,TEXAS CHICKEN,Food,DEBIT CARD,DEBIT,Petaling Jaya
TXN000605,U001,2025-09-07 22:51:00,30.51,RAPIDKL,Transport,E-WALLET,DEBIT,Kuala Lumpur
TXN000608,U001,2025-09-08 08:34:00,287.66,SHOPEE,Shopping,DEBIT CARD,DEBIT,Shah Alam
TXN000609,U001,2025-09-08 11:20:00,63.35,AEON,Grocery,E-WALLET,DEBIT,Shah Alam
TXN000610,U001,2025-09-08 12:06:00,39.59,KFC,Food,DEBIT CARD,DEBIT,Petaling Jaya
TXN000612,U001,2025-09-09 12:47:00,426.44,SHOPEE,Shopping,DEBIT CARD,DEBIT,Shah Alam
TXN000611,U001,2025-09-09 14:46:00,11.51,GRAB*FOOD,Food,DEBIT CARD,DEBIT,Kuala Lumpur
TXN000614,U001,2025-09-10 12:25:00,486.51,SHOPEE,Shopping,DEBIT CARD,DEBIT,Kuala Lumpur
TXN000613,U001,2025-09-10 15:54:00,51.89,SHELL,Fuel,E-WALLET,DEBIT,Petaling Jaya
TXN000615,U001,2025-09-11 08:20:00,22.92,KFC,Food,DEBIT CARD,DEBIT,Shah Alam
TXN000616,U001,2025-09-11 21:10:00,30.35,TNG TRANSIT,Transport,DEBIT CARD,DEBIT,Shah Alam
TXN000617,U001,2025-09-12 10:05:00,81.13,AEON,Grocery,DEBIT CARD,DEBIT,Kuala Lumpur
TXN000618,U001,2025-09-13 14:11:00,75.22,GRAB*FOOD,Food,E-WALLET,DEBIT,Petaling Jaya
TXN000620,U001,2025-09-14 14:41:00,562.22,UNIQLO,Shopping,DEBIT CARD,DEBIT,Petaling Jaya
TXN000619,U001,2025-09-14 20:11:00,76.74,PETRONAS,Fuel,E-WALLET,DEBIT,Shah Alam
TXN000623,U001,2025-09-15 08:10:00,105.82,SETEL,Fuel,E-WALLET,DEBIT,Shah Alam
TXN000622,U001,2025-09-15 17:51:00,416.69,LAZADA,Shopping,DEBIT CARD,DEBIT,Petaling Jaya
TXN000621,U001,2025-09-15 18:07:00,31.33,AEON,Grocery,DEBIT CARD,DEBIT,Shah Alam
TXN000626,U001,2025-09-16 09:47:00,90.06,SETEL,Fuel,E-WALLET,DEBIT,Petaling Jaya
TXN000625,U001,2025-09-16 10:57:00,58.65,MCDONALDS,Food,E-WALLET,DEBIT,Petaling Jaya
TXN000624,U001,2025-09-16 19:39:00,98.82,LOTUS,Grocery,DEBIT CARD,DEBIT,Kuala Lumpur
TXN000629,U001,2025-09-17 10:07:00,100.06,LOCAL CAFE,Food,E-WALLET,DEBIT,Petaling Jaya
TXN000628,U001,2025-09-17 13:45:00,47.36,TEXAS CHICKEN,Food,DEBIT CARD,DEBIT,Shah Alam
TXN000627,U001,2025-09-17 15:52:00,35.21,TNG TRANSIT,Transport,E-WALLET,DEBIT,Petaling Jaya
TXN000630,U001,2025-09-18 19:07:00,101.09,TEXAS CHICKEN,Food,DEBIT CARD,DEBIT,Kuala Lumpur
TXN000632,U001,2025-09-19 13:54:00,137.59,VILLAGE GROCER,Grocery,DEBIT CARD,DEBIT,Kuala Lumpur
TXN000633,U001,2025-09-19 15:31:00,91.49,PETRONAS,Fuel,E-WALLET,DEBIT,Kuala Lumpur
TXN000631,U001,2025-09-19 18:36:00,18.53,LOCAL CAFE,Food,E-WALLET,DEBIT,Shah Alam
TXN000636,U001,2025-09-20 11:22:00,146.65,KFC,Food,DEBIT CARD,DEBIT,Shah Alam
TXN000635,U001,2025-09-20 12:47:00,33.13,TNG TRANSIT,Transport,DEBIT CARD,DEBIT,Shah Alam
TXN000634,U001,2025-09-20 15:49:00,19.85,TNG TRANSIT,Transport,E-WALLET,DEBIT,Shah Alam
TXN000639,U001,2025-09-21 13:41:00,93.92,PETRONAS,Fuel,E-WALLET,DEBIT,Shah Alam
TXN000637,U001,2025-09-21 18:04:00,107.5,SHELL,Fuel,DEBIT CARD,DEBIT,Petaling Jaya
TXN000638,U001,2025-09-21 18:20:00,127.36,IKEA,Shopping,E-WALLET,DEBIT,Petaling Jaya
TXN000640,U001,2025-09-22 20:38:00,77.83,TEXAS CHICKEN,Food,DEBIT CARD,DEBIT,Shah Alam
TXN000642,U001,2025-09-23 09:57:00,171.86,UNIQLO,Shopping,DEBIT CARD,DEBIT,Shah Alam
TXN000641,U001,2025-09-23 16:05:00,115.89,PETRONAS,Fuel,DEBIT CARD,DEBIT,Petaling Jaya
TXN000643,U001,2025-09-23 18:20:00,117.99,LOTUS,Grocery,DEBIT CARD,DEBIT,Shah Alam
TXN000644,U001,2025-09-24 11:58:00,196.49,VILLAGE GROCER,Grocery,DEBIT CARD,DEBIT,Kuala Lumpur
TXN000647,U001,2025-09-25 08:32:00,22.8,TNG TRANSIT,Transport,DEBIT CARD,DEBIT,Shah Alam
TXN000646,U001,2025-09-25 10:58:00,31.67,RAPIDKL,Transport,E-WALLET,DEBIT,Shah Alam
TXN000645,U001,2025-09-25 21:23:00,33.7,RAPIDKL,Transport,E-WALLET,DEBIT,Petaling Jaya
TXN000650,U001,2025-09-26 10:29:00,262.62,LAZADA,Shopping,E-WALLET,DEBIT,Shah Alam
TXN000649,U001,2025-09-26 18:36:00,36.07,GIANT,Grocery,E-WALLET,DEBIT,Kuala Lumpur
TXN000648,U001,2025-09-26 21:31:00,45.26,GRAB*FOOD,Food,DEBIT CARD,DEBIT,Kuala Lumpur
TXN000652,U001,2025-09-27 08:50:00,59.64,TEXAS CHICKEN,Food,E-WALLET,DEBIT,Shah Alam
TXN000651,U001,2025-09-27 11:15:00,168.87,LOTUS,Grocery,E-WALLET,DEBIT,Shah Alam
TXN000653,U001,2025-09-27 21:53:00,12.44,MCDONALDS,Food,DEBIT CARD,DEBIT,Shah Alam
TXN000656,U001,2025-09-28 19:15:00,85.2,MCDONALDS,Food,DEBIT CARD,DEBIT,Shah Alam
TXN000655,U001,2025-09-28 19:22:00,118.86,SETEL,Fuel,DEBIT CARD,DEBIT,Shah Alam
TXN000654,U001,2025-09-28 20:41:00,162.39,AEON,Grocery,E-WALLET,DEBIT,Shah Alam
TXN000657,U001,2025-09-29 18:20:00,31.88,RAPIDKL,Transport,DEBIT CARD,DEBIT,Petaling Jaya
TXN000658,U001,2025-09-30 10:07:00,36.79,RAPIDKL,Transport,E-WALLET,DEBIT,Petaling Jaya
TXN000659,U001,2025-09-30 16:03:00,30.36,MCDONALDS,Food,E-WALLET,DEBIT,Petaling Jaya
TXN000661,U001,2025-10-01 16:22:00,232.2,AEON,Grocery,DEBIT CARD,DEBIT,Petaling Jaya
TXN000660,U001,2025-10-01 18:45:00,108.85,LOCAL CAFE,Food,E-WALLET,DEBIT,Petaling Jaya
TXN000663,U001,2025-10-02 17:55:00,51.58,GIANT,Grocery,E-WALLET,DEBIT,Kuala Lumpur
TXN000664,U001,2025-10-02 21:09:00,92.89,KFC,Food,E-WALLET,DEBIT,Kuala Lumpur
TXN000662,U001,2025-10-02 21:43:00,208.12,LAZADA,Shopping,E-WALLET,DEBIT,Shah Alam
TXN000665,U001,2025-10-03 12:54:00,10.26,KFC,Food,DEBIT CARD,DEBIT,Shah Alam
TXN000666,U001,2025-10-03 13:02:00,42.77,RAPIDKL,Transport,E-WALLET,DEBIT,Shah Alam
TXN000668,U001,2025-10-03 13:07:00,56.87,LOCAL CAFE,Food,E-WALLET,DEBIT,Shah Alam
TXN000667,U001,2025-10-03 17:28:00,33.71,GRAB,Transport,DEBIT CARD,DEBIT,Kuala Lumpur
TXN000670,U001,2025-10-04 17:04:00,168.84,GIANT,Grocery,E-WALLET,DEBIT,Shah Alam
TXN000669,U001,2025-10-04 20:34:00,601.47,SHOPEE,Shopping,DEBIT CARD,DEBIT,Shah Alam
TXN000671,U001,2025-10-05 18:56:00,500.2,LAZADA,Shopping,E-WALLET,DEBIT,Shah Alam
TXN000672,U001,2025-10-05 20:05:00,80.34,KFC,Food,DEBIT CARD,DEBIT,Kuala Lumpur
TXN000673,U001,2025-10-06 13:27:00,96.53,GRAB*FOOD,Food,E-WALLET,DEBIT,Shah Alam
TXN000674,U001,2025-10-07 19:49:00,49.4,LOTUS,Grocery,DEBIT CARD,DEBIT,Kuala Lumpur
TXN000675,U001,2025-10-07 21:25:00,31.19,GRAB,Transport,E-WALLET,DEBIT,Shah Alam
TXN000676,U001,2025-10-08 09:39:00,450.28,UNIQLO,Shopping,E-WALLET,DEBIT,Shah Alam
TXN000677,U001,2025-10-09 10:27:00,79.87,GRAB*FOOD,Food,DEBIT CARD,DEBIT,Shah Alam
TXN000678,U001,2025-10-09 17:45:00,88.38,IKEA,Shopping,DEBIT CARD,DEBIT,Kuala Lumpur
TXN000681,U001,2025-10-10 12:29:00,114.63,KFC,Food,E-WALLET,DEBIT,Petaling Jaya
TXN000682,U001,2025-10-10 13:13:00,43.98,TNG TRANSIT,Transport,E-WALLET,DEBIT,Petaling Jaya
TXN000679,U001,2025-10-10 13:50:00,69.31,GRAB*FOOD,Food,E-WALLET,DEBIT,Kuala Lumpur
TXN000680,U001,2025-10-10 18:48:00,30.45,MCDONALDS,Food,E-WALLET,DEBIT,Shah Alam
TXN000683,U001,2025-10-11 15:09:00,112.86,PETRONAS,Fuel,E-WALLET,DEBIT,Petaling Jaya
TXN000685,U001,2025-10-11 15:14:00,49.29,LOTUS,Grocery,E-WALLET,DEBIT,Petaling Jaya
TXN000684,U001,2025-10-11 16:19:00,219.58,LOTUS,Grocery,DEBIT CARD,DEBIT,Kuala Lumpur
TXN000687,U001,2025-10-12 09:06:00,140.14,LOCAL CAFE,Food,E-WALLET,DEBIT,Shah Alam
TXN000688,U001,2025-10-12 13:28:00,252.23,LAZADA,Shopping,E-WALLET,DEBIT,Petaling Jaya
TXN000686,U001,2025-10-12 15:59:00,427.52,SHOPEE,Shopping,E-WALLET,DEBIT,Petaling Jaya
TXN000689,U001,2025-10-13 13:31:00,103.89,KFC,Food,E-WALLET,DEBIT,Shah Alam
TXN000690,U001,2025-10-13 16:27:00,41.54,PETRONAS,Fuel,E-WALLET,DEBIT,Shah Alam
TXN000692,U001,2025-10-14 13:06:00,71.3,PETRONAS,Fuel,DEBIT CARD,DEBIT,Kuala Lumpur
TXN000691,U001,2025-10-14 14:12:00,71.29,TEXAS CHICKEN,Food,DEBIT CARD,DEBIT,Petaling Jaya
TXN000693,U001,2025-10-14 15:36:00,101.13,LOCAL CAFE,Food,E-WALLET,DEBIT,Shah Alam
TXN000694,U001,2025-10-14 16:58:00,98.02,TEXAS CHICKEN,Food,E-WALLET,DEBIT,Kuala Lumpur
TXN000695,U001,2025-10-15 12:27:00,86.85,GRAB*FOOD,Food,E-WALLET,DEBIT,Petaling Jaya
TXN000696,U001,2025-10-15 19:12:00,101.2,SETEL,Fuel,E-WALLET,DEBIT,Petaling Jaya
TXN000697,U001,2025-10-16 20:38:00,150.6,LOTUS,Grocery,DEBIT CARD,DEBIT,Shah Alam
TXN000698,U001,2025-10-17 12:28:00,60.13,GIANT,Grocery,DEBIT CARD,DEBIT,Shah Alam
TXN000699,U001,2025-10-18 16:47:00,346.59,SHOPEE,Shopping,DEBIT CARD,DEBIT,Kuala Lumpur
TXN000700,U001,2025-10-19 09:57:00,65.87,SHELL,Fuel,DEBIT CARD,DEBIT,Kuala Lumpur
TXN000703,U001,2025-10-19 16:37:00,42.36,PETRONAS,Fuel,E-WALLET,DEBIT,Kuala Lumpur
TXN000702,U001,2025-10-19 20:57:00,112.57,SETEL,Fuel,DEBIT CARD,DEBIT,Shah Alam
TXN000701,U001,2025-10-19 21:48:00,238.72,GIANT,Grocery,DEBIT CARD,DEBIT,Petaling Jaya
TXN000706,U001,2025-10-20 09:02:00,111.11,SHELL,Fuel,DEBIT CARD,DEBIT,Kuala Lumpur
TXN000704,U001,2025-10-20 21:30:00,254.92,IKEA,Shopping,DEBIT CARD,DEBIT,Kuala Lumpur
TXN000705,U001,2025-10-20 23:26:00,42.27,TNG TRANSIT,Transport,DEBIT CARD,DEBIT,Shah Alam
TXN000707,U001,2025-10-21 09:46:00,284.92,LAZADA,Shopping,DEBIT CARD,DEBIT,Shah Alam
TXN000711,U001,2025-10-22 08:03:00,42.27,GRAB,Transport,E-WALLET,DEBIT,Kuala Lumpur
TXN000708,U001,2025-10-22 08:37:00,156.21,VILLAGE GROCER,Grocery,DEBIT CARD,DEBIT,Shah Alam
TXN000710,U001,2025-10-22 09:59:00,51.89,SETEL,Fuel,E-WALLET,DEBIT,Shah Alam
TXN000709,U001,2025-10-22 21:00:00,68.12,TEXAS CHICKEN,Food,DEBIT CARD,DEBIT,Kuala Lumpur
TXN000712,U001,2025-10-23 11:03:00,154.92,SHOPEE,Shopping,DEBIT CARD,DEBIT,Petaling Jaya
TXN000713,U001,2025-10-23 21:27:00,44.21,GRAB,Transport,DEBIT CARD,DEBIT,Shah Alam
TXN000714,U001,2025-10-24 12:40:00,58.05,TEXAS CHICKEN,Food,DEBIT CARD,DEBIT,Shah Alam
TXN000715,U001,2025-10-24 20:40:00,239.79,SHOPEE,Shopping,E-WALLET,DEBIT,Shah Alam
TXN000717,U001,2025-10-25 13:40:00,58.4,SETEL,Fuel,DEBIT CARD,DEBIT,Petaling Jaya
TXN000716,U001,2025-10-25 15:22:00,74.0,GRAB*FOOD,Food,E-WALLET,DEBIT,Shah Alam
TXN000719,U001,2025-10-26 11:14:00,81.51,GRAB*FOOD,Food,DEBIT CARD,DEBIT,Petaling Jaya
TXN000718,U001,2025-10-26 18:06:00,288.04,IKEA,Shopping,E-WALLET,DEBIT,Kuala Lumpur
TXN000720,U001,2025-10-26 20:48:00,18.28,TNG TRANSIT,Transport,E-WALLET,DEBIT,Kuala Lumpur
TXN000721,U001,2025-10-26 21:34:00,49.12,TNG TRANSIT,Transport,DEBIT CARD,DEBIT,Petaling Jaya
TXN000723,U001,2025-10-27 10:23:00,41.35,SETEL,Fuel,DEBIT CARD,DEBIT,Shah Alam
TXN000725,U001,2025-10-27 10:43:00,106.48,PETRONAS,Fuel,DEBIT CARD,DEBIT,Petaling Jaya
TXN000724,U001,2025-10-27 17:02:00,57.44,KFC,Food,DEBIT CARD,DEBIT,Shah Alam
TXN000722,U001,2025-10-27 20:25:00,84.29,LOCAL CAFE,Food,DEBIT CARD,DEBIT,Shah Alam
TXN000728,U001,2025-10-28 13:39:00,12.75,TNG TRANSIT,Transport,E-WALLET,DEBIT,Shah Alam
TXN000726,U001,2025-10-28 17:32:00,21.99,TNG TRANSIT,Transport,DEBIT CARD,DEBIT,Petaling Jaya
TXN000727,U001,2025-10-28 17:40:00,43.57,RAPIDKL,Transport,E-WALLET,DEBIT,Kuala Lumpur
TXN000730,U001,2025-10-29 08:36:00,256.06,UNIQLO,Shopping,DEBIT CARD,DEBIT,Shah Alam
TXN000731,U001,2025-10-29 09:50:00,74.63,PETRONAS,Fuel,DEBIT CARD,DEBIT,Kuala Lumpur
TXN000732,U001,2025-10-29 15:29:00,19.69,TNG TRANSIT,Transport,DEBIT CARD,DEBIT,Shah Alam
TXN000729,U001,2025-10-29 23:43:00,32.45,LOCAL CAFE,Food,E-WALLET,DEBIT,Kuala Lumpur
TXN000733,U001,2025-10-30 21:05:00,12.75,TNG TRANSIT,Transport,E-WALLET,DEBIT,Kuala Lumpur
TXN000734,U001,2025-10-31 16:51:00,58.92,LOCAL CAFE,Food,E-WALLET,DEBIT,Shah Alam
TXN000735,U001,2025-10-31 21:57:00,29.73,GRAB*FOOD,Food,DEBIT CARD,DEBIT,Petaling Jaya
TXN000736,U001,2025-11-01 21:08:00,26.74,TNG TRANSIT,Transport,DEBIT CARD,DEBIT,Petaling Jaya
TXN000739,U001,2025-11-02 10:13:00,115.7,GRAB*FOOD,Food,E-WALLET,DEBIT,Kuala Lumpur
TXN000740,U001,2025-11-02 15:06:00,346.64,IKEA,Shopping,DEBIT CARD,DEBIT,Shah Alam
TXN000738,U001,2025-11-02 17:09:00,35.29,GIANT,Grocery,E-WALLET,DEBIT,Shah Alam
TXN000737,U001,2025-11-02 20:11:00,74.15,SETEL,Fuel,DEBIT CARD,DEBIT,Kuala Lumpur
TXN000742,U001,2025-11-03 11:15:00,46.9,TNG TRANSIT,Transport,DEBIT CARD,DEBIT,Shah Alam
TXN000741,U001,2025-11-03 11:49:00,230.98,AEON,Grocery,DEBIT CARD,DEBIT,Kuala Lumpur
TXN000743,U001,2025-11-04 09:20:00,47.44,MCDONALDS,Food,DEBIT CARD,DEBIT,Petaling Jaya
TXN000744,U001,2025-11-04 14:56:00,82.98,PETRONAS,Fuel,DEBIT CARD,DEBIT,Petaling Jaya
TXN000747,U001,2025-11-05 13:54:00,38.48,RAPIDKL,Transport,DEBIT CARD,DEBIT,Shah Alam
TXN000746,U001,2025-11-05 16:30:00,359.11,SHOPEE,Shopping,DEBIT CARD,DEBIT,Shah Alam
TXN000745,U001,2025-11-05 22:16:00,30.15,RAPIDKL,Transport,DEBIT CARD,DEBIT,Kuala Lumpur
TXN000748,U001,2025-11-06 19:45:00,90.81,TEXAS CHICKEN,Food,DEBIT CARD,DEBIT,Shah Alam
TXN000749,U001,2025-11-06 21:56:00,80.74,TEXAS CHICKEN,Food,E-WALLET,DEBIT,Shah Alam
TXN000752,U001,2025-11-07 09:27:00,46.66,TEXAS CHICKEN,Food,DEBIT CARD,DEBIT,Kuala Lumpur
TXN000751,U001,2025-11-07 09:37:00,47.52,TNG TRANSIT,Transport,DEBIT CARD,DEBIT,Shah Alam
TXN000750,U001,2025-11-07 11:58:00,116.02,SHOPEE,Shopping,DEBIT CARD,DEBIT,Shah Alam
TXN000753,U001,2025-11-08 11:03:00,348.68,UNIQLO,Shopping,DEBIT CARD,DEBIT,Shah Alam
TXN000754,U001,2025-11-08 12:10:00,31.64,LOCAL CAFE,Food,DEBIT CARD,DEBIT,Petaling Jaya
TXN000755,U001,2025-11-08 17:50:00,19.52,RAPIDKL,Transport,E-WALLET,DEBIT,Kuala Lumpur
TXN000756,U001,2025-11-09 18:02:00,197.1,VILLAGE GROCER,Grocery,DEBIT CARD,DEBIT,Kuala Lumpur
TXN000759,U001,2025-11-10 08:47:00,289.83,LAZADA,Shopping,E-WALLET,DEBIT,Petaling Jaya
TXN000758,U001,2025-11-10 15:30:00,80.51,SHELL,Fuel,DEBIT CARD,DEBIT,Petaling Jaya
TXN000757,U001,2025-11-10 20:05:00,66.14,GRAB*FOOD,Food,E-WALLET,DEBIT,Petaling Jaya
TXN000760,U001,2025-11-10 22:31:00,67.42,GRAB*FOOD,Food,E-WALLET,DEBIT,Kuala Lumpur
TXN000763,U001,2025-11-11 10:28:00,97.63,GRAB*FOOD,Food,DEBIT CARD,DEBIT,Petaling Jaya
TXN000762,U001,2025-11-11 10:57:00,443.94,LAZADA,Shopping,DEBIT CARD,DEBIT,Petaling Jaya
TXN000761,U001,2025-11-11 16:24:00,109.43,PETRONAS,Fuel,E-WALLET,DEBIT,Petaling Jaya
TXN000765,U001,2025-11-12 12:58:00,117.74,SHELL,Fuel,E-WALLET,DEBIT,Petaling Jaya
TXN000764,U001,2025-11-12 19:17:00,69.93,LAZADA,Shopping,DEBIT CARD,DEBIT,Petaling Jaya
TXN000766,U001,2025-11-13 08:16:00,26.31,RAPIDKL,Transport,DEBIT CARD,DEBIT,Kuala Lumpur
TXN000769,U001,2025-11-13 08:39:00,101.26,SETEL,Fuel,E-WALLET,DEBIT,Petaling Jaya
TXN000767,U001,2025-11-13 12:28:00,23.94,KFC,Food,DEBIT CARD,DEBIT,Kuala Lumpur
TXN000768,U001,2025-11-13 21:41:00,168.33,UNIQLO,Shopping,DEBIT CARD,DEBIT,Shah Alam
TXN000771,U001,2025-11-14 08:24:00,35.17,TNG TRANSIT,Transport,DEBIT CARD,DEBIT,Petaling Jaya
TXN000770,U001,2025-11-14 09:47:00,28.89,TNG TRANSIT,Transport,E-WALLET,DEBIT,Petaling Jaya
TXN000772,U001,2025-11-14 13:56:00,88.26,LOCAL CAFE,Food,DEBIT CARD,DEBIT,Petaling Jaya
TXN000773,U001,2025-11-14 18:25:00,222.1,LOTUS,Grocery,DEBIT CARD,DEBIT,Petaling Jaya
TXN000775,U001,2025-11-15 18:18:00,83.51,SHELL,Fuel,E-WALLET,DEBIT,Shah Alam
TXN000774,U001,2025-11-15 19:06:00,118.78,GRAB*FOOD,Food,E-WALLET,DEBIT,Petaling Jaya
TXN000776,U001,2025-11-16 17:00:00,72.13,KFC,Food,DEBIT CARD,DEBIT,Kuala Lumpur
TXN000778,U001,2025-11-17 09:13:00,160.44,GIANT,Grocery,E-WALLET,DEBIT,Shah Alam
TXN000777,U001,2025-11-17 20:51:00,112.08,LOCAL CAFE,Food,E-WALLET,DEBIT,Petaling Jaya
TXN000779,U001,2025-11-18 20:32:00,74.14,TEXAS CHICKEN,Food,E-WALLET,DEBIT,Kuala Lumpur
TXN000783,U001,2025-11-19 08:12:00,254.87,IKEA,Shopping,E-WALLET,DEBIT,Shah Alam
TXN000781,U001,2025-11-19 14:45:00,98.2,TEXAS CHICKEN,Food,E-WALLET,DEBIT,Shah Alam
TXN000782,U001,2025-11-19 15:29:00,62.31,PETRONAS,Fuel,E-WALLET,DEBIT,Petaling Jaya
TXN000780,U001,2025-11-19 23:24:00,46.04,GRAB*FOOD,Food,E-WALLET,DEBIT,Shah Alam
TXN000784,U001,2025-11-20 08:23:00,249.39,AEON,Grocery,DEBIT CARD,DEBIT,Shah Alam
TXN000786,U001,2025-11-20 15:11:00,62.42,VILLAGE GROCER,Grocery,DEBIT CARD,DEBIT,Petaling Jaya
TXN000787,U001,2025-11-20 16:20:00,67.71,PETRONAS,Fuel,E-WALLET,DEBIT,Petaling Jaya
TXN000785,U001,2025-11-20 20:07:00,47.64,LOCAL CAFE,Food,DEBIT CARD,DEBIT,Petaling Jaya
TXN000788,U001,2025-11-21 21:39:00,122.97,LOTUS,Grocery,E-WALLET,DEBIT,Kuala Lumpur
TXN000789,U001,2025-11-22 11:38:00,319.9,SHOPEE,Shopping,DEBIT CARD,DEBIT,Kuala Lumpur
TXN000791,U001,2025-11-22 16:20:00,351.06,IKEA,Shopping,E-WALLET,DEBIT,Kuala Lumpur
TXN000790,U001,2025-11-22 17:20:00,138.69,GIANT,Grocery,E-WALLET,DEBIT,Shah Alam
TXN000792,U001,2025-11-23 15:09:00,217.82,IKEA,Shopping,E-WALLET,DEBIT,Petaling Jaya
TXN000793,U001,2025-11-23 15:59:00,135.69,KFC,Food,DEBIT CARD,DEBIT,Petaling Jaya
TXN000796,U001,2025-11-24 10:23:00,468.46,LAZADA,Shopping,DEBIT CARD,DEBIT,Petaling Jaya
TXN000794,U001,2025-11-24 13:03:00,72.97,LOTUS,Grocery,E-WALLET,DEBIT,Kuala Lumpur
TXN000797,U001,2025-11-24 15:31:00,33.82,LOCAL CAFE,Food,E-WALLET,DEBIT,Petaling Jaya
TXN000795,U001,2025-11-24 20:48:00,69.68,MCDONALDS,Food,E-WALLET,DEBIT,Kuala Lumpur
TXN000798,U001,2025-11-25 10:50:00,180.03,VILLAGE GROCER,Grocery,DEBIT CARD,DEBIT,Kuala Lumpur
TXN000799,U001,2025-11-25 12:45:00,83.05,LOCAL CAFE,Food,DEBIT CARD,DEBIT,Shah Alam
TXN000801,U001,2025-11-25 16:34:00,45.28,GRAB,Transport,E-WALLET,DEBIT,Kuala Lumpur
TXN000800,U001,2025-11-25 18:27:00,98.42,SETEL,Fuel,E-WALLET,DEBIT,Shah Alam
TXN000803,U001,2025-11-26 09:46:00,114.77,PETRONAS,Fuel,E-WALLET,DEBIT,Shah Alam
TXN000802,U001,2025-11-26 11:33:00,298.96,LAZADA,Shopping,DEBIT CARD,DEBIT,Kuala Lumpur
TXN000804,U001,2025-11-27 16:57:00,84.64,AEON,Grocery,E-WALLET,DEBIT,Petaling Jaya
TXN000806,U001,2025-11-28 09:45:00,305.86,UNIQLO,Shopping,DEBIT CARD,DEBIT,Petaling Jaya
TXN000807,U001,2025-11-28 12:33:00,43.51,TNG TRANSIT,Transport,DEBIT CARD,DEBIT,Shah Alam
TXN000808,U001,2025-11-28 18:19:00,33.36,GRAB,Transport,E-WALLET,DEBIT,Petaling Jaya
TXN000805,U001,2025-11-28 21:55:00,195.62,VILLAGE GROCER,Grocery,E-WALLET,DEBIT,Shah Alam
TXN000809,U001,2025-11-29 14:55:00,35.54,GIANT,Grocery,DEBIT CARD,DEBIT,Kuala Lumpur
TXN000813,U001,2025-11-30 08:23:00,148.51,MCDONALDS,Food,DEBIT CARD,DEBIT,Petaling Jaya
TXN000810,U001,2025-11-30 12:26:00,93.21,PETRONAS,Fuel,DEBIT CARD,DEBIT,Kuala Lumpur
TXN000811,U001,2025-11-30 18:14:00,69.65,SHELL,Fuel,DEBIT CARD,DEBIT,Kuala Lumpur
TXN000812,U001,2025-11-30 21:54:00,331.2,IKEA,Shopping,DEBIT CARD,DEBIT,Shah Alam
TXN000816,U001,2025-12-01 12:02:00,181.04,LOTUS,Grocery,E-WALLET,DEBIT,Petaling Jaya
TXN000814,U001,2025-12-01 12:31:00,11.21,RAPIDKL,Transport,DEBIT CARD,DEBIT,Petaling Jaya
TXN000815,U001,2025-12-01 14:38:00,143.09,LOTUS,Grocery,E-WALLET,DEBIT,Shah Alam
TXN000818,U001,2025-12-02 12:37:00,81.9,SETEL,Fuel,DEBIT CARD,DEBIT,Kuala Lumpur
TXN000817,U001,2025-12-02 17:41:00,55.27,LOCAL CAFE,Food,E-WALLET,DEBIT,Shah Alam
TXN000820,U001,2025-12-03 13:40:00,122.89,LOTUS,Grocery,DEBIT CARD,DEBIT,Kuala Lumpur
TXN000821,U001,2025-12-03 14:02:00,24.16,GRAB,Transport,E-WALLET,DEBIT,Shah Alam
TXN000819,U001,2025-12-03 21:33:00,183.73,VILLAGE GROCER,Grocery,DEBIT CARD,DEBIT,Shah Alam
TXN000822,U001,2025-12-04 21:18:00,29.96,LOCAL CAFE,Food,DEBIT CARD,DEBIT,Shah Alam
TXN000823,U001,2025-12-05 13:28:00,71.14,KFC,Food,E-WALLET,DEBIT,Shah Alam
TXN000827,U001,2025-12-06 08:07:00,140.36,LOTUS,Grocery,E-WALLET,DEBIT,Kuala Lumpur
TXN000826,U001,2025-12-06 11:54:00,109.82,KFC,Food,DEBIT CARD,DEBIT,Petaling Jaya
TXN000824,U001,2025-12-06 17:21:00,102.62,VILLAGE GROCER,Grocery,E-WALLET,DEBIT,Shah Alam
TXN000825,U001,2025-12-06 19:48:00,94.24,PETRONAS,Fuel,E-WALLET,DEBIT,Petaling Jaya
TXN000828,U001,2025-12-07 12:28:00,42.86,GRAB,Transport,E-WALLET,DEBIT,Petaling Jaya
TXN000830,U001,2025-12-08 11:05:00,96.59,KFC,Food,E-WALLET,DEBIT,Petaling Jaya
TXN000829,U001,2025-12-08 21:12:00,89.38,KFC,Food,DEBIT CARD,DEBIT,Shah Alam
TXN000831,U001,2025-12-08 21:38:00,363.98,IKEA,Shopping,E-WALLET,DEBIT,Kuala Lumpur
TXN000832,U001,2025-12-09 11:09:00,115.56,LOCAL CAFE,Food,DEBIT CARD,DEBIT,Kuala Lumpur
TXN000833,U001,2025-12-10 13:29:00,89.16,GRAB*FOOD,Food,DEBIT CARD,DEBIT,Kuala Lumpur
TXN000836,U001,2025-12-10 16:11:00,47.42,MCDONALDS,Food,DEBIT CARD,DEBIT,Kuala Lumpur
TXN000835,U001,2025-12-10 19:08:00,60.87,LOCAL CAFE,Food,DEBIT CARD,DEBIT,Kuala Lumpur
TXN000834,U001,2025-12-10 21:23:00,47.06,SETEL,Fuel,E-WALLET,DEBIT,Shah Alam
TXN000837,U001,2025-12-11 15:27:00,36.93,GRAB*FOOD,Food,E-WALLET,DEBIT,Petaling Jaya
TXN000838,U001,2025-12-11 16:47:00,308.81,IKEA,Shopping,E-WALLET,DEBIT,Petaling Jaya
TXN000840,U001,2025-12-11 18:01:00,137.22,LOTUS,Grocery,DEBIT CARD,DEBIT,Shah Alam
TXN000839,U001,2025-12-11 19:34:00,57.4,MCDONALDS,Food,E-WALLET,DEBIT,Shah Alam
TXN000841,U001,2025-12-12 08:15:00,105.05,MCDONALDS,Food,E-WALLET,DEBIT,Petaling Jaya
TXN000844,U001,2025-12-12 15:39:00,210.25,LAZADA,Shopping,DEBIT CARD,DEBIT,Petaling Jaya
TXN000843,U001,2025-12-12 19:24:00,67.82,MCDONALDS,Food,E-WALLET,DEBIT,Kuala Lumpur
TXN000842,U001,2025-12-12 20:38:00,454.32,IKEA,Shopping,DEBIT CARD,DEBIT,Kuala Lumpur
TXN000846,U001,2025-12-13 08:16:00,77.03,VILLAGE GROCER,Grocery,DEBIT CARD,DEBIT,Kuala Lumpur
TXN000845,U001,2025-12-13 19:20:00,120.13,GIANT,Grocery,E-WALLET,DEBIT,Shah Alam
TXN000847,U001,2025-12-14 21:58:00,97.05,SHELL,Fuel,DEBIT CARD,DEBIT,Kuala Lumpur
TXN000848,U001,2025-12-15 10:16:00,308.71,LAZADA,Shopping,E-WALLET,DEBIT,Petaling Jaya
TXN000850,U001,2025-12-15 11:30:00,314.93,IKEA,Shopping,E-WALLET,DEBIT,Kuala Lumpur
TXN000849,U001,2025-12-15 16:02:00,247.59,LOTUS,Grocery,E-WALLET,DEBIT,Kuala Lumpur
TXN000854,U001,2025-12-16 09:37:00,63.66,KFC,Food,DEBIT CARD,DEBIT,Kuala Lumpur
TXN000852,U001,2025-12-16 21:50:00,69.38,SETEL,Fuel,DEBIT CARD,DEBIT,Petaling Jaya
TXN000851,U001,2025-12-16 21:59:00,74.13,PETRONAS,Fuel,E-WALLET,DEBIT,Shah Alam
TXN000853,U001,2025-12-16 23:31:00,174.65,VILLAGE GROCER,Grocery,DEBIT CARD,DEBIT,Shah Alam
TXN000855,U001,2025-12-17 23:50:00,64.59,TEXAS CHICKEN,Food,DEBIT CARD,DEBIT,Kuala Lumpur
TXN000856,U001,2025-12-18 12:57:00,75.57,AEON,Grocery,E-WALLET,DEBIT,Petaling Jaya
TXN000857,U001,2025-12-18 14:46:00,59.26,MCDONALDS,Food,DEBIT CARD,DEBIT,Petaling Jaya
TXN000859,U001,2025-12-19 09:25:00,236.48,VILLAGE GROCER,Grocery,E-WALLET,DEBIT,Kuala Lumpur
TXN000858,U001,2025-12-19 18:10:00,58.84,TEXAS CHICKEN,Food,E-WALLET,DEBIT,Petaling Jaya
TXN000860,U001,2025-12-20 19:46:00,48.34,KFC,Food,DEBIT CARD,DEBIT,Shah Alam
TXN000861,U001,2025-12-21 09:16:00,125.17,LOCAL CAFE,Food,DEBIT CARD,DEBIT,Kuala Lumpur
TXN000862,U001,2025-12-21 12:47:00,137.37,GRAB*FOOD,Food,E-WALLET,DEBIT,Kuala Lumpur
TXN000863,U001,2025-12-21 20:04:00,68.83,MCDONALDS,Food,E-WALLET,DEBIT,Shah Alam
TXN000864,U001,2025-12-22 08:42:00,356.37,LAZADA,Shopping,DEBIT CARD,DEBIT,Kuala Lumpur
TXN000866,U001,2025-12-23 10:08:00,245.18,AEON,Grocery,E-WALLET,DEBIT,Petaling Jaya
TXN000865,U001,2025-12-23 16:39:00,39.18,TEXAS CHICKEN,Food,DEBIT CARD,DEBIT,Petaling Jaya
TXN000868,U001,2025-12-24 11:08:00,51.95,MCDONALDS,Food,E-WALLET,DEBIT,Shah Alam
TXN000867,U001,2025-12-24 21:20:00,448.03,UNIQLO,Shopping,DEBIT CARD,DEBIT,Shah Alam
TXN000870,U001,2025-12-25 08:50:00,106.78,TEXAS CHICKEN,Food,E-WALLET,DEBIT,Petaling Jaya
TXN000869,U001,2025-12-25 11:47:00,263.29,SHOPEE,Shopping,DEBIT CARD,DEBIT,Shah Alam
TXN000871,U001,2025-12-25 12:59:00,98.48,LOCAL CAFE,Food,DEBIT CARD,DEBIT,Shah Alam
TXN000872,U001,2025-12-25 19:16:00,118.57,TEXAS CHICKEN,Food,DEBIT CARD,DEBIT,Petaling Jaya
TXN000874,U001,2025-12-26 08:59:00,101.97,SETEL,Fuel,DEBIT CARD,DEBIT,Kuala Lumpur
TXN000873,U001,2025-12-26 12:54:00,196.0,AEON,Grocery,DEBIT CARD,DEBIT,Petaling Jaya
TXN000875,U001,2025-12-26 13:22:00,106.7,SETEL,Fuel,DEBIT CARD,DEBIT,Petaling Jaya
TXN000876,U001,2025-12-27 16:28:00,80.03,SETEL,Fuel,DEBIT CARD,DEBIT,Shah Alam
TXN000879,U001,2025-12-28 08:43:00,10.85,TNG TRANSIT,Transport,DEBIT CARD,DEBIT,Shah Alam
TXN000880,U001,2025-12-28 09:20:00,93.25,LOCAL CAFE,Food,E-WALLET,DEBIT,Shah Alam
TXN000878,U001,2025-12-28 10:35:00,58.4,SHELL,Fuel,DEBIT CARD,DEBIT,Shah Alam
TXN000877,U001,2025-12-28 19:07:00,151.21,LOTUS,Grocery,E-WALLET,DEBIT,Petaling Jaya
TXN000881,U001,2025-12-29 13:46:00,23.57,TNG TRANSIT,Transport,DEBIT CARD,DEBIT,Shah Alam
TXN000882,U001,2025-12-29 19:46:00,87.56,KFC,Food,E-WALLET,DEBIT,Kuala Lumpur
TXN000883,U001,2025-12-30 17:20:00,125.08,AEON,Grocery,DEBIT CARD,DEBIT,Kuala Lumpur
TXN000884,U001,2025-12-30 18:15:00,101.05,LOCAL CAFE,Food,DEBIT CARD,DEBIT,Shah Alam
TXN000885,U001,2025-12-30 18:48:00,223.84,AEON,Grocery,E-WALLET,DEBIT,Petaling Jaya
TXN000887,U001,2025-12-31 10:14:00,104.96,PETRONAS,Fuel,DEBIT CARD,DEBIT,Shah Alam
TXN000888,U001,2025-12-31 19:51:00,164.58,SHOPEE,Shopping,DEBIT CARD,DEBIT,Kuala Lumpur
TXN000886,U001,2025-12-31 20:34:00,65.08,LAZADA,Shopping,E-WALLET,DEBIT,Petaling Jaya
